row_id,cluster,F1,F2,F3,StreetlightCondition,Acceptable_Sky_Conditions
1,1,1.1185040648083788,1.0801525421641633,-0.7086603916755938,1,3
2,1,1.28386058376335,1.2385558110928028,-0.77667393581519,1,5
3,1,0.6748368816132911,0.5919124630642806,-0.6878973189430161,1,5
4,2,0.4448995784312843,-1.1287772108275513,2.0805827224827045,1,6
5,1,1.0017605862877945,0.5404543249652078,-0.75289335278426,1,7
6,1,-0.18666356728513517,0.25004043574506724,-0.11117324309764672,1,4
7,1,-0.014622692834329263,0.1477695630897864,-0.7730661509612948,1,6
8,1,1.4765792845202907,0.4662254036199059,-9.358637409745435e-4,1,6
9,2,-1.3520034168900394,-0.9226672330256447,-0.4793848346111002,1,4
10,1,1.1774952514056958,0.683872511829811,2.1022375975556584,1,5
11,1,0.9295563541984216,0.3864066178921444,-0.6591454059012692,1,6
12,2,-0.1623736010515119,-0.6896588421438494,-0.2194235648397637,1,6
13,1,0.5441578436954502,0.2795592033205825,-0.22011589579996785,1,2
14,2,-1.4594179107613816,-1.7187055172309686,-0.39899472226965926,1,4
15,2,-0.21175245089184436,-0.4163982316731334,0.2862490082101992,1,6
16,1,0.7097660459747512,0.9374289467077204,-0.6519689364203557,1,6
17,1,1.2725068063692557,0.9634050926103422,-0.8037276619283085,1,7
18,1,-0.6025709975648853,0.5087119005346409,-0.26929165240998243,1,4
19,1,1.351077792800549,0.2010764775143965,-0.03746966486798037,1,6
20,1,0.9076134808909175,1.001852934260038,-0.584254924816093,1,6
21,1,0.03386759213856024,0.10288338004804336,-0.6322299149840864,1,6
22,2,-1.3801812200164079,-1.028953200542866,-0.6625799263238322,1,5
23,1,0.5818132642851058,0.01769664976681638,0.5740022509544276,1,6
24,1,0.07434370678553454,0.9449814604844455,-0.6939871803995721,1,7
25,2,0.25007526935601804,-1.2940306823419994,-0.44677472107055655,1,3
26,1,1.3748077062315438,0.9100549265388069,-0.6141610337242597,1,6
27,1,1.2883497690271872,1.0556385001421202,-0.752492662608766,1,7
28,1,0.7332244608282598,1.1267104190969572,-0.8752882444086045,1,7
29,1,1.3255470086587864,1.095797675157273,-0.670900890251059,1,6
30,1,0.031030523492332394,0.8714758238996916,-0.7645350105672774,1,7
31,1,1.3496662929192156,0.9836214653969003,-0.6200012122437585,1,6
32,1,1.28386058376335,1.2385558110928028,-0.77667393581519,1,7
33,1,1.3402449822145015,1.1036398292599428,-0.5093508411704517,1,7
34,2,-1.0331003527423435,-0.9041222278937828,-0.25107828703800034,1,2
35,1,0.28986871002920916,0.35492498795467287,-0.2798984461432848,1,NA
36,2,-1.422173329488775,-1.749381908495873,1.4393325997754858,1,3
37,1,0.6631588249451005,-0.05139840759164713,-0.478957409584318,1,6
38,1,1.4211587019105605,0.7634070466004568,0.08335628275539844,1,7
39,1,1.284882712815249,1.2771654819950822,-0.8217334353029915,1,6
40,2,-0.38641874959127687,-0.29415357539302267,0.6018966186315929,1,2
41,1,1.2494253481305466,1.1919299983115894,0.506043933845002,1,7
42,1,1.373785577179645,0.8714452556365276,-0.5691015342364582,1,3
43,2,0.47149001966570997,-0.4803460649640906,1.9753838145334721,1,6
44,1,1.3135202624131859,1.1106641654329343,-0.32213186978007485,1,3
45,1,1.0468175600180014,0.250125830664134,1.4346071227628867,1,5
46,1,-1.101596487103396,0.8366603953076217,-0.06979584853833665,1,2
47,1,0.06903440840674095,0.928816268533892,-0.7938636212637338,1,6
48,1,1.2843716482892995,1.2578606465439426,-0.7992036855590907,1,7
49,1,0.6561468653893451,1.031506322627578,0.29852421574537436,1,7
50,1,0.7536286183114218,1.1595602488008216,-0.797830916379978,1,7
51,1,0.036272224833840044,0.1114420623284489,-0.66701796198732,1,6
52,2,-0.8254826490803326,-0.07429603755338174,-0.9037193849643232,1,6
53,1,-0.19179625278236367,0.5936646000251669,0.3123835096296375,1,6
54,1,0.2255220457247213,-0.2942572801848388,0.45492812975178687,1,3
55,1,1.332661502001167,0.9049630704464944,1.560556401184146,1,4
56,1,0.38444923322857527,1.1669071373760938,-0.8077343427202822,1,5
57,1,0.6495283111106411,0.35466166779056235,0.45607303086501305,1,4
58,1,0.9762258622230949,0.9582684849120209,0.5685226348279421,1,6
59,1,1.055809099054788,0.7554873952998398,-0.6755109717361543,1,7
60,1,0.6001934351636559,-0.6292474855293909,0.28046344277167673,1,4
61,1,1.28386058376335,1.2385558110928028,-0.77667393581519,1,7
62,1,0.3483321032970874,-0.14920653714195076,-0.7154930239623509,1,7
63,1,0.29450847031194083,0.9313721759419862,-0.7529630978975008,1,6
64,1,-0.22339585677956544,0.7282972840879144,0.674377583200874,1,4
65,1,1.4040163666285217,0.37741016916410797,-0.11773211524248167,1,6
66,1,-0.01860081357221711,0.34999170949160846,-0.8197771739116195,1,6
67,1,0.9047624122974005,0.7920282233175263,-0.17900909091233863,1,7
68,1,1.369487376315035,0.8736327265268562,-0.5220551899738916,1,7
69,1,0.7129643224678844,1.3409280556386307,-0.9486634614319105,1,4
70,1,0.20068525513960597,0.8372677938219127,0.0460327002095406,1,6
71,2,-1.096668509011821,-0.10059033399738154,0.04732991055225303,1,6
72,1,0.7020163828966666,0.16804158548705705,0.7613954180540358,1,6
73,2,-0.2977560968703733,-0.35227925052350045,-0.7384578614516065,1,6
74,1,1.3185605944514636,0.8713839036299529,0.31786554062616235,1,6
75,1,0.6943640978059188,0.5941941792548412,0.686451843015391,1,7
76,1,0.6783460663552546,-0.008351270696012675,0.7724978972561954,1,6
77,1,1.4718239462145286,0.500212836700298,1.5793994843525472,1,7
78,1,0.4301044799656235,0.27283938075209746,1.9748872143258662,1,4
79,2,-0.9857958412115757,-0.3894471906648264,-0.261104783340982,1,3
80,1,0.656560039713002,0.4030860237139461,-0.2334614758408274,1,7
81,1,0.13777564606599363,0.8776577872285,-0.780940018051935,1,2
82,1,0.08863747700519574,-0.06078137677228086,-0.7012797763162354,1,3
83,1,1.3047037962110681,1.167176743125038,-0.7237874130331244,1,7
84,2,0.014684973931983194,-0.5485373109628178,1.7113497472891168,1,NA
85,1,0.012394392125131562,-0.3728030139828786,-0.6220521148771863,1,NA
86,1,0.6863755084493782,-0.019301206989431503,0.5190085931424677,2,6
87,1,0.05351177184640617,0.7796981850356228,-0.7126419101725944,2,7
88,2,-1.39420279053981,-1.2149086397573912,0.16728913132232184,2,6
89,1,0.5323867104767891,-0.06826533967507632,0.5478087792966265,2,5
90,1,1.3255470086587864,1.095797675157273,-0.670900890251059,2,7
91,2,-1.5329706991398424,-0.2673715553033731,-0.20553816339470038,2,2
92,2,-1.5039308245641985,-1.3006932870674008,1.5271570958681344,2,2
93,1,1.5510846024633917,0.5561337478258329,0.3983914883278934,2,3
94,2,-0.10435354920302921,-0.8249983378055726,-0.9124634360388304,2,6
95,2,0.47210084282196635,-2.139170906858723,3.845774367629241,2,1
96,1,-0.8056784511726802,0.9358294077864425,-0.5077402510774108,2,5
97,2,-1.148743396076374,-1.7589715389126044,0.667854087264553,2,1
98,1,0.3485160147214526,0.17559852256199043,0.681866089241808,2,6
99,1,0.11838699862112241,0.21049539996649028,-0.71179289773537735,2,5
100,1,0.9913389800639354,0.5761438589490903,-0.7793366141752927,2,6
101,1,1.2830855999992388,-0.5531144490727345,0.014710002897363638,2,3
102,1,-0.7105931470635907,0.2508857269761904,-0.4547531396278773,2,6
103,2,-1.2140661178049603,-0.701342717786074,0.0889191959480057,2,2
104,2,-0.13632515842993928,-0.7334337018857169,1.992773074026869,2,5
105,2,-1.3234827036383217,-1.3507931312553902,-0.6695974856543101,2,4
106,1,1.007181942721867,0.6683772664808681,-0.7281016148557503,2,4
107,2,-1.5494675485211173,-1.7900671599984368,0.18797978002754157,2,6
108,2,-0.838733975576876,-0.1310259968504831,-0.5561867679901668,2,6
109,2,-1.3137605020020668,-1.8955125921081915,0.07896428231561681,2,6
110,2,-1.2836513154570055,-1.4360739685804103,-0.6838532693430919,2,3
111,2,-0.9890602298267146,-0.4582148774594033,0.10835253097635922,2,3
112,2,-0.6773707949506923,-0.30518884848914396,-0.1022621408813535,2,4
113,2,-1.4875752663693795,-0.3281965095116346,0.26192559266691623,2,1
114,2,0.6363578806908781,-0.5086113424498457,1.4291213713013777,2,5
115,1,0.7509656189655356,0.9012606904151399,0.8207633677278426,2,7
116,2,-0.13845268877507855,-1.432212114349651,0.8818042505195344,2,6
117,2,-1.4107726209556215,-0.9665032594126047,0.22417515253913722,2,3
118,2,-1.1019474355457306,-1.392088940777417,0.9965803123854076,2,4
119,2,-1.394524436180044,-1.4441777597584347,0.6571663991217166,2,6
120,2,-1.2887462980262105,0.19295988495265687,-0.8234747362579299,2,6
121,2,-1.1760893329068265,-1.2703614297833628,-0.1365957907989854,2,2
122,1,1.1277705382293242,-0.1279809930668152,-0.4894926576623099,2,5
123,1,0.1543192413134984,0.7389740006981291,-0.3921949430695277,2,7
124,1,-0.2434987647509817,0.37694807355337867,-0.5304293904232951,2,2
125,1,-0.470284837776844,0.5864840168873645,-0.6347216788453688,2,3
126,2,-1.366398250811005,-1.9156402046718424,-0.26991758788036446,2,2
127,1,0.7129643224678844,1.3409280556386307,-0.9486634614319105,2,7
128,2,-0.41155941178170224,-0.39628663210480447,0.5849403878362387,2,6
129,2,-1.2049741133600345,-0.7776823705820178,-0.954652069387319,2,3
130,2,-0.9709310380861447,0.5006511505085767,0.47397579595215844,2,5
131,1,-1.002084139823229,1.0213472416115872,-0.6574020594185389,2,4
132,1,0.6171155194117711,-8.902115002314221e-4,0.9566645285092429,2,6
133,2,-0.7428331658698359,0.06245705245132954,0.027763626323045895,2,4
134,2,-1.2330287501977875,-1.2832836512303714,-0.2280753059468314,2,5
135,2,0.7139970044618842,-1.4195639793242247,3.942142173201974,2,7
136,2,-1.2469005806599158,-1.4152611993465627,0.2634033595965559,2,3
137,2,-1.0476650606898597,-0.5308199817986075,0.6129896169845768,2,3
138,1,-0.024728034742410053,0.5533075913385949,-0.8429650247306608,2,6
139,2,-1.420572816777048,-1.4216218817447905,-0.5929545921627688,2,1
140,1,-1.034684868921613,0.8511199977578413,-0.42942443249033224,2,2
141,1,-0.03658953027084993,0.8853234329164452,0.7141875978413191,2,4
142,2,-0.6073083085250917,-0.6773954619147783,0.31663645200757246,2,NA
143,2,-0.24768257096223445,-1.3719032590481364,0.7948883839573162,2,3
144,2,-1.3531697138774406,-1.0642854783866766,-0.7426395811026717,2,2
145,2,-0.6607514170574575,0.09332484358667287,-0.3593799860410964,2,5
146,2,-0.7686517305590084,-1.1467703281585853,0.09238869516868314,2,1
147,1,1.4042362778267785,0.789538369765692,1.7779242840624276,2,6
148,2,-0.34042092759168197,-1.0917909085026307,0.8627547033789041,2,2
149,2,-0.7378975930340865,-0.4009448419413602,0.143757824985059,2,4
150,2,-0.6897078985400462,-0.9036963776510951,-0.712182091657875,2,7
151,2,-1.4097464548190215,0.22998314886599563,1.5499337377765345,2,2
152,1,0.007408223046598626,0.39688316531393425,-0.730834038329094,2,NA
153,2,-1.1015818665417838,-0.8784376767666033,0.667498370011037,2,2
154,2,-1.080664304274856,-0.07955486543927245,-0.8252660578598232,2,5
155,1,0.01701845139610577,0.07434304905710627,-0.12635495570807112,2,6
156,2,-1.018593738545428,-1.0116920990293012,0.14653990496199187,2,3
157,2,-1.4287988342564086,-1.9124792717813468,0.35321062029331957,2,3
158,2,-1.4291401577995828,-2.0118128108063607,-0.2003148393477559,2,2
159,1,-0.7832084803271963,1.0807141123389612,-0.49007894369177096,2,1
160,2,-1.530551150917864,-1.617380576080868,0.43906428448266094,2,3
161,2,-1.070005113891695,-0.6636662313391313,-0.4161844780260012,2,6
162,1,-0.5741651767357006,0.5252925261180745,-0.9180019504648969,2,NA
163,2,-0.5352242891363058,-1.9635990410134314,-0.13263000415100018,2,3
164,1,-1.0152071713722979,1.1178515622658918,-0.950511649280885,2,NA
165,1,1.2380047576549145,0.9439930125976788,0.006471469968944307,NA,5
166,2,-1.15957894303634,-1.4112322589750816,1.103340812097614,NA,2
