dist_km,response,SE,df,lower_CL,upper_CL,trait_level,trait
0,18.818447408349286,7.173719494502663,Inf,8.914561827500888,39.725335884521655,Low,ear_height
0,17.113906159352336,6.521003113403406,Inf,8.109821098084874,36.11495006964858,Mean,ear_height
0,15.563759202641316,5.937120462570654,Inf,7.368955368547595,32.871769253983885,High,ear_height
0.12649045001519865,19.37679412946224,7.248410334085575,Inf,9.308230373356777,40.3363620877125,Low,ear_height
0.12649045001519865,17.398004431151254,6.505413537176243,Inf,8.360274133172265,36.205817341004355,Mean,ear_height
0.12649045001519865,15.6212919518054,5.847765122612919,Inf,7.50020651377654,32.53573908869179,High,ear_height
0.2529809000303973,19.951707098268894,7.326154065981497,Inf,9.7145718654614,40.97665050483486,Low,ear_height
0.2529809000303973,17.686818857595853,6.491872306904264,Inf,8.61429597756497,36.31446633783242,Mean,ear_height
0.2529809000303973,15.6790373756314,5.76154326097848,Inf,7.63009832148557,32.21874773673732,High,ear_height
0.37947135004559596,20.543677838319528,7.407503581761319,Inf,10.13345560238788,41.648448040292344,Low,ear_height
0.37947135004559596,17.98042772890064,6.480777829691367,Inf,8.87150044689382,36.4420633521373,Mean,ear_height
0.37947135004559596,15.736996260289127,5.678716000946957,Inf,7.75826543751942,31.921188220589805,High,ear_height
0.5059618000607946,21.153212456756624,7.493074088884259,Inf,10.564680070633196,42.35418339685369,Low,ear_height
0.5059618000607946,18.278910634931687,6.472559895652447,Inf,9.131454365173953,36.58985312067031,Mean,ear_height
0.5059618000607946,15.795169394854572,5.599555910855186,Inf,7.884320457674999,31.64348500945149,High,ear_height
0.6324522500759933,21.78083207701262,7.58354672736357,Inf,11.0079678826629,43.09647802608416,Low,ear_height
0.6324522500759933,18.58234848678137,6.467680078273041,Inf,9.393676757829997,36.759160889410175,Mean,ear_height
0.6324522500759933,15.853557571320593,5.524346141018142,Inf,8.0078552407822,31.386092793883506,High,ear_height
0.7589427000911919,22.427073284346033,7.679671835940143,Inf,11.46296138322645,43.87815672461569,Low,ear_height
0.7589427000911919,18.89082353870135,6.466631719286723,Inf,9.657638790867804,36.95139378248444,Mean,ear_height
0.7589427000911919,15.912161584607722,5.45337923589595,Inf,8.128442820656817,31.14949466719705,High,ear_height
0.8854331501063906,23.09248858459651,7.7822717338269465,Inf,11.929219175027548,44.702257641979216,Low,ear_height
0.8854331501063906,19.204419410399556,6.469939420546299,Inf,9.922764603396558,37.168041330365504,Mean,ear_height
0.8854331501063906,15.97098223257497,5.386955587666426,Inf,8.24563998373431,30.934199646891145,High,ear_height
1.0119236001215892,23.777646876551426,7.892242875480147,Inf,12.40621383209703,45.57204144936213,Low,ear_height
1.0119236001215892,19.523221109707382,6.478157967953841,Inf,10.188433176702716,37.41067501626168,Mean,ear_height
1.0119236001215892,16.03002031603073,5.325381504506787,Inf,8.358990566237082,30.74073948237901,High,ear_height
1.1384140501367879,24.4831339383275,8.010557233510106,Inf,12.893331074764895,46.49099941405283,Low,ear_height
1.1384140501367879,19.84731505562311,6.491870620338511,Inf,10.453981369182817,37.680946713601806,Mean,ear_height
1.1384140501367879,16.089276638743623,5.268966877729057,Inf,8.46802950471247,30.569664715263762,High,ear_height
1.2649045001519865,25.209552928183676,8.138262770883742,Inf,13.38987066990391,47.46286013556058,Low,ear_height
1.2649045001519865,20.17678910173794,6.511686710242984,Inf,10.718708220686626,37.980585913358546,Mean,ear_height
1.2649045001519865,16.148752007453478,5.218022446749613,Inf,8.572287646099507,30.42153998610764,High,ear_height
1.3913949501671852,25.957524900192897,8.27648287993833,Inf,13.89504929035185,48.491594730217216,Low,ear_height
1.3913949501671852,20.51173256005078,6.538238524596666,Inf,10.981880590822978,38.31139567904535,Mean,ear_height
1.3913949501671852,16.2084472318823,5.172856679675655,Inf,8.67129728815421,30.296938616970746,High,ear_height
1.5178854001823838,26.727689335214247,8.426414693887113,Inf,14.408005515270743,49.581420304328745,Low,ear_height
1.5178854001823838,20.85223622517854,6.572177461385818,Inf,11.24274014316393,38.67524731993693,Mean,ear_height
1.5178854001823838,16.268363124745317,5.133772309581646,Inf,8.764598378962567,30.196436541100244,High,ear_height
1.6443758501975825,27.52070468761902,8.589326217037291,Inf,14.927807077474442,50.736801632840645,Low,ear_height
1.6443758501975825,21.198392398968167,6.614169493096913,Inf,11.500511622098273,39.07407383834662,Mean,ear_height
1.6443758501975825,16.328500501762015,5.101062591295995,Inf,8.851745257331011,30.120605698094156,High,ear_height
1.7708663002127811,28.33724894823812,8.766552272205892,Inf,15.453460365634822,51.96245105983649,Low,ear_height
1.7708663002127811,21.55029491551732,6.664890007410199,Inf,11.754412294150109,39.50986228183437,Mean,ear_height
1.7708663002127811,16.388860181667244,5.075007369096961,Inf,8.932313767147411,30.070007061565125,High,ear_height
1.8973567502279798,29.178020224012464,8.959489325611948,Inf,15.983922072891488,53.26332675487513,Low,ear_height
1.8973567502279798,21.90803916661045,6.725018137857523,Inf,12.00366234562166,39.98464521128453,Mean,ear_height
1.8973567502279798,16.44944298622241,5.055869069948716,Inf,9.005908532498767,30.045183512640648,High,ear_height
2.0238472002431784,30.043737334841527,9.169589316992473,Inf,16.51811275604406,54.644629587885255,Low,ear_height
2.0238472002431784,22.271722127577004,6.795230738515025,Inf,12.2474959499456,40.500491574378216,Mean,ear_height
2.0238472002431784,16.510249740226588,5.0438887572230735,Inf,9.072170141328348,30.04665281164355,High,ear_height
2.1503376502583773,30.935140428140567,9.398352690474246,Inf,17.05493194140894,56.111799014878876,Low,ear_height
2.1503376502583773,22.641442383579033,6.87619619320743,Inf,12.485172648911263,41.05949734332525,Mean,ear_height
2.1503376502583773,16.571281271527827,5.039282393565151,Inf,9.130781958861148,30.074900946856,High,ear_height
2.2768281002735757,31.852991611631808,9.647320883422985,Inf,17.593274296803774,57.67050848488245,Low,ear_height
2.2768281002735757,23.017300156335043,6.96856827689067,Inf,12.715988640117374,41.66377632765257,Mean,ear_height
2.2768281002735757,16.632538411034357,5.042237466250921,Inf,9.181476282572671,30.130376148727336,High,ear_height
2.403318550288774,32.79807560491078,9.918068579389553,Inf,18.132046296778498,59.32666097243335,Low,ear_height
2.403318550288774,23.399397331287613,7.0729803010001735,Inf,12.939287535987798,42.31545159999188,Mean,ear_height
2.403318550288774,16.694021992725975,5.052910122318606,Inf,9.224039561469763,30.213483846898406,High,ear_height
2.529809000303973,33.77120041034461,10.212196061360219,Inf,18.67018275164666,61.086385298240934,Low,ear_height
2.529809000303973,23.787837485221853,7.190039772812459,Inf,13.154470162819594,43.01664796980591,Mean,ear_height
2.529809000303973,16.75573285366529,5.071422943271287,Inf,9.258316435188004,30.324582814682902,High,ear_height
2.656299450319172,34.77319800387609,10.531322008459085,Inf,19.206662558372834,62.956033914890206,Low,ear_height
2.656299450319172,24.182725914342523,7.320323780114689,Inf,13.361003003839004,43.76948590462723,Mean,ear_height
2.656299450319172,16.817671834009246,5.097863460911296,Inf,9.28421240164439,30.463982692418064,High,ear_height
2.7827899003343703,35.80492504632387,10.877077061214298,Inf,19.74052306642692,64.94218280128452,Low,ear_height
2.7827899003343703,24.584169662817043,7.464375277539501,Inf,13.558424956544007,44.57607723222066,Mean,ear_height
2.7827899003343703,16.879839777020457,5.132283478916663,Inf,9.30169499183331,30.631943011251565,High,ear_height
2.9092803503495688,36.86726361578738,11.251098438609771,Inf,20.270872532146075,67.05163403107157,Low,ear_height
2.9092803503495688,24.992277551792515,7.622700402638682,Inf,13.746352166286883,45.43852286555748,Mean,ear_height
2.9092803503495688,16.942237529078742,5.174699222322567,Inf,9.31079341068184,30.828673758609778,High,ear_height
3.0357708003647677,37.96112196178191,11.655025828417603,Inf,20.796900253228312,69.29142146429183,Low,ear_height
3.0357708003647677,25.407160208894336,7.7957668926442505,Inf,13.924480806474554,46.358912684218026,Mean,ear_height
3.0357708003647677,17.004865939692642,5.225092293092137,Inf,9.311596686106085,31.054337443371587,High,ear_height
3.1622612503799665,39.08743528174932,12.090498697079422,Inf,21.317884118560656,71.66881987010714,Low,ear_height
3.1622612503799665,25.828930098214464,7.984003612429743,Inf,14.092587790358218,47.339327591408335,Mean,ear_height
3.1622612503799665,17.067725861510965,5.2834113685969095,Inf,9.304250446614034,31.30905254057317,High,ear_height
3.288751700395165,40.24716652060788,12.559155084350213,Inf,21.83319546295307,74.19135763640747,Low,ear_height
3.288751700395165,26.257701550797655,8.187801146170278,Inf,14.250529509188581,48.3818436561393,Mean,ear_height
3.288751700395165,17.130818150334427,5.3495745447968845,Inf,9.288952513880734,31.592898129395632,High,ear_height
3.4152421504103634,41.441307194024866,13.062631868880352,Inf,22.342301266499472,76.86683307438065,Low,ear_height
3.4152421504103634,26.6935907956336,8.407513354714434,Inf,14.39823878678089,49.488538155022766,Mean,ear_height
3.4152421504103634,17.194143665127246,5.423472199997188,Inf,9.265947545375798,31.90591948953724,High,ear_height
3.5417326004255623,42.670878236115875,13.602566420791224,Inf,22.844763871048947,79.70333419593462,Low,ear_height
3.5417326004255623,27.136715991163722,8.643459761545236,Inf,14.535720314000374,50.66149725485575,Mean,ear_height
3.5417326004255623,17.257703268028916,5.504970239792177,Inf,9.235520990459392,32.248134392743275,High,ear_height
3.668223050440761,43.93693087229533,14.180599501214841,Inf,23.34023849191887,82.70926173891678,Low,ear_height
3.668223050440761,27.58719725731082,8.895928604566253,Inf,14.663044874297379,51.90282502973282,Mean,ear_height
3.668223050440761,17.321497824365878,5.5939135793816535,Inf,9.197992631047276,32.6195398185865,High,ear_height
3.7947135004559596,45.240547518025025,14.798379229609841,Inf,23.828468876080954,85.89335514482708,Low,ear_height
3.7947135004559596,28.0451567080406,9.165180379209145,Inf,14.780342692488112,53.214653485558024,Mean,ear_height
3.7947135004559596,17.38552820266333,5.690129724860289,Inf,9.153709966929174,33.020118834615104,High,ear_height
3.921203950471158,46.582842704228156,15.457565918079014,Inf,24.309281497482537,89.2647211572906,Low,ear_height
3.921203950471158,28.51071848446357,9.451451699402574,Inf,14.887796235700103,54.599153268308285,Mean,ear_height
3.921203950471158,17.449795274657042,5.793432328460745,Inf,9.103041679735826,33.44984740707897,High,ear_height
4.047694400486357,47.964964030161035,16.159837566621697,Inf,24.782578688488865,92.8328647044003,Low,ear_height
4.047694400486357,28.9840087884866,9.75495931454096,Inf,14.985632772114363,56.058544755900925,Mean,ear_height
4.047694400486357,17.514299915305248,5.903624611702222,Inf,9.046371372950649,33.90870094505182,High,ear_height
4.174184850501556,49.38809314455649,16.906895821604472,Inf,25.248331088826596,96.6077217489763,Low,ear_height
4.174184850501556,29.465155917023008,10.075904139895831,Inf,15.074116955334432,57.59510927154103,Mean,ear_height
4.174184850501556,17.579043002800518,6.020502572481293,Inf,8.984091743002077,34.39666042313236,High,ear_height
4.300675300516755,50.8534467558778,17.700472218319533,Inf,25.706569756477048,100.59969383123584,Low,ear_height
4.300675300516755,29.954290296770527,10.414475181928214,Inf,15.153543655657293,59.21120020320964,Mean,ear_height
4.300675300516755,17.64402541858174,6.143857915072459,Inf,8.916599292687613,34.9137179717004,High,ear_height
4.427165750531953,52.36227767254731,18.542334553732708,Inf,26.15737823563358,104.81968408140558,Low,ear_height
4.427165750531953,30.45154451956671,10.770853265923913,Inf,15.22423120950441,60.909253864211344,Mean,ear_height
4.427165750531953,17.70924804734611,6.2734806639335545,Inf,8.844289656486795,35.45988186540353,High,ear_height
4.5536562005471515,53.915875874038726,19.434293264077194,Inf,26.6008848214808,109.27913453906419,Low,ear_height
4.5536562005471515,30.957053378331192,11.145214499002151,Inf,15.286515209145936,62.69179997907379,Mean,ear_height
4.5536562005471515,17.774711777061214,6.409161441810061,Inf,8.767553570225978,36.03518087765222,High,ear_height
4.68014665056235,55.51556961374898,20.378207711055023,Inf,27.03725520547679,113.99006467619198,Low,ear_height
4.68014665056235,31.4709539036046,11.537733425158825,Inf,15.340742909808736,64.56147172439339,Mean,ear_height
4.68014665056235,17.840417498977043,6.550693409102973,Inf,8.686773486555227,36.639667999910245,High,ear_height
4.806637100577548,57.16272655459215,21.37599230798127,Inf,27.466685631979644,118.96511107807684,Low,ear_height
4.806637100577548,31.993385400693967,11.948585849523207,Inf,15.387268292315897,66.5210152934353,Mean,ear_height
4.806637100577548,17.90636610763818,6.697873874474593,Inf,8.60232081338696,37.27342354888642,High,ear_height
4.933127550592747,58.8587549382872,22.429622441860012,Inf,27.889396650072833,124.21756828777794,Low,ear_height
4.933127550592747,32.52448948743497,12.377951325896879,Inf,15.426447787539507,68.57329898544272,Mean,ear_height
4.933127550592747,17.972558500896,6.850505596248238,Inf,8.514553734725887,37.93655770246049,High,ear_height
5.059618000607946,60.605104789338284,23.54114016834924,Inf,28.30562750471958,129.7614308643839,Low,ear_height
5.059618000607946,33.064410132580775,12.82601531480342,Inf,15.458636644310031,70.72132184554015,Mean,ear_height
5.059618000607946,18.0389955799208,7.008397800601375,Inf,8.42381556160514,38.62921251689857,High,ear_height
5.186108450623145,62.40326915473756,24.712659673593695,Inf,28.715631179370607,135.6114367423761,Low,ear_height
5.186108450623145,33.61329369482841,13.292971028914659,Inf,15.484185904578252,72.9682218992685,Mean,ear_height
5.186108450623145,18.105678249214193,7.171366946297972,Inf,8.33043355426469,39.35156348450144,High,ear_height
5.312598900638344,64.2547853804501,25.94637251008029,Inf,29.11967007761292,141.78311200928806,Low,ear_height
5.312598900638344,34.171288962492746,13.779020989234107,Inf,15.50343993776486,75.31728403796576,Mean,ear_height
5.312598900638344,18.172607416621318,7.339237267261605,Inf,8.23471815427476,40.10382069326877,High,ear_height
5.439089350653542,66.16123642577244,27.244552623345676,Inf,29.518012313679744,148.29281724224873,Low,ear_height
5.439089350653542,34.73854719383933,14.284378319311712,Inf,15.51673447937652,77.77194761839422,Mean,ear_height
5.439089350653542,18.239783993343245,7.511841124165613,Inf,8.136962566034411,40.886229649445035,High,ear_height
5.565579800668741,68.12425221668828,28.609561193013594,Inf,29.91092856969797,155.15779556187206,Low,ear_height
5.565579800668741,35.31522215808657,14.809267806558562,Inf,15.52439511609019,80.33581384323247,Mean,ear_height
5.565579800668741,18.3072088939494,7.689019194877827,Inf,8.037442630059322,41.69907182083691,High,ear_height
5.69207025068394,70.14551103937866,30.04385131578901,Inf,30.29868947039167,162.3962225753651,Low,ear_height
5.69207025068394,35.901470177088626,15.353926759926546,Inf,15.526736159641917,83.01265298927508,Mean,ear_height
5.69207025068394,18.374883036389964,7.870620531449721,Inf,7.93641693493889,42.54266495433452,High,ear_height
5.8185607006991376,72.22674097507738,31.549972560203432,Inf,30.681563422576698,170.02725839069416,Low,ear_height
5.8185607006991376,36.49745016771031,15.918605692259785,Inf,15.524059854142926,85.80641154826569,Mean,ear_height
5.8185607006991376,18.44280734200841,8.056502508713637,Inf,7.834127120160138,43.41736321576138,High,ear_height
5.945051150714336,74.36972137749977,33.13057542357136,Inf,31.05981486624476,178.07110189113777,Low,ear_height
5.945051150714336,37.103323684905405,16.50356885388732,Inf,15.51665586516381,88.72121934195702,Mean,ear_height
5.945051150714336,18.51098273555403,8.246530686703595,Inf,7.730798327677013,44.323557194505476,High,ear_height
6.071541600729535,76.57628439410597,34.78841572118878,Inf,31.433702885545628,186.54904746533842,Low,ear_height
6.071541600729535,37.71925496551005,17.109094641812703,Inf,15.504801003498205,91.76139666882243,Mean,ear_height
6.071541600729535,18.57941014519454,8.44057860623579,Inf,7.62663976579068,45.26167380970699,High,ear_height
6.198032050744734,78.84831653250077,36.526358936633024,Inf,31.80348013087533,195.48354439279797,Low,ear_height
6.198032050744734,38.34541097276314,17.735475906400456,Inf,15.488759141494848,94.93146153528448,Mean,ear_height
6.198032050744734,18.648090502528703,8.638527534206657,Inf,7.521845354351751,46.232176149342166,High,ear_height
6.324522500759933,81.18776027330928,38.34738456037727,Inf,32.16939200703322,204.8982590891131,Low,ear_height
6.324522500759933,38.981961441565865,18.38302017493457,Inf,15.468781284904962,98.23613701970217,Mean,ear_height
6.324522500759933,18.717024742599005,8.840266172575802,Inf,7.41659442534112,47.23556326850788,High,ear_height
6.451012950775131,83.59661573090649,40.254590442027954,Inf,32.53167608662156,214.81814041960087,Low,ear_height
6.451012950775131,39.62907892449239,19.05204980895306,Inf,15.44510576810035,101.68035881290076,Mean,ear_height
6.451012950775131,18.786213803904396,9.045690342648102,Inf,7.3110524574431635,48.27236996866422,High,ear_height
6.57750340079033,86.0769423634204,42.25119717948959,Inf,32.89056171222561,225.2694882946175,Low,ear_height
6.57750340079033,40.2869388385646,19.74290210992709,Inf,15.417958545128117,105.26928297489188,Mean,ear_height
6.57750340079033,18.8556586284131,9.254702654176539,Inf,7.205371827256471,49.343166575571956,High,ear_height
6.703993850805529,88.6308607334726,44.340552566369894,Inf,33.24626975522037,236.28002576507842,Low,ear_height
6.703993850805529,40.95571951280303,20.455929385701047,Inf,15.387553553290383,109.00829394369288,Mean,ear_height
6.703993850805529,18.92536016157534,9.467212166978555,Inf,7.099692563291396,50.448558730167996,High,ear_height
6.830484300820727,91.2605543211591,46.52613611703486,Inf,33.599012503154505,247.87897484258792,Low,ear_height
6.830484300820727,41.63560223656741,21.19149898816917,Inf,15.354093129729701,112.90301282887779,Mean,ear_height
6.830484300820727,18.99531935233634,9.683134051184917,Inf,6.994143091904049,51.589187203634275,High,ear_height
6.956974750835926,93.96827139082362,48.81156368696262,Inf,33.948993651480514,260.0971362753312,Low,ear_height
6.956974750835926,42.326771308699556,21.949993330940302,Inf,15.317768464851412,116.95930601966636,Mean,ear_height
6.956974750835926,19.06553715314917,9.902389250902411,Inf,6.888840966850147,52.76572774539105,High,ear_height
7.0834652008511245,96.75632691321705,51.20059220444813,Inf,34.296408378876876,272.9669735185229,Low,ear_height
7.0834652008511245,43.02941408748203,22.731809894234157,Inf,15.278760079334814,121.1832941349915,Mean,ear_height
7.0834652008511245,19.13601451998768,10.124904154949926,Inf,6.7838935762558785,53.97889097064562,High,ear_height
7.209955650866323,99.62710454468939,53.697124528297174,Inf,34.64144348853091,286.5227011468106,Low,ear_height
7.209955650866323,43.74372104142621,23.5373612229471,Inf,15.237238314001017,125.5813613410409,Mean,ear_height
7.209955650866323,19.206752412359585,10.350610277395852,Inf,6.6793988225450915,55.22942229239676,High,ear_height
7.336446100881522,102.58305866510342,56.30521444491315,Inf,34.984277600512094,300.8003779656154,Low,ear_height
7.336446100881522,44.469885800903505,24.36707492270777,Inf,15.193363823950314,130.16016506022336,Mean,ear_height
7.336446100881522,19.277751793319513,10.579443949860199,Inf,6.575445772281042,56.51810190138847,High,ear_height
7.462936550896721,105.62671647621413,59.029071817123196,Inf,35.325081382790195,315.8380050889859,Low,ear_height
7.462936550896721,45.20810521063353,25.221393657794227,Inf,15.14728807019397,134.92664609431566,Mean,ear_height
7.462936550896721,19.349013629482105,10.811346026923836,Inf,6.472115274023315,57.845744796376685,High,ear_height
0,18.96569115566948,7.246526395635192,Inf,8.968843000736019,40.10522215437612,Low,forearm_length
0,17.366146358070463,6.631861925252995,Inf,8.215666292797334,36.70828738435026,Mean,forearm_length
0,15.901505347447927,6.079353259471765,Inf,7.516449917005369,33.6405983019782,High,forearm_length
0.12649045001519865,19.523500106108703,7.3201472055380385,Inf,9.362846591878046,40.71059507947894,Low,forearm_length
0.12649045001519865,17.65552298068311,6.616418843941626,Inf,8.470172373130833,36.801788439425714,Mean,forearm_length
0.12649045001519865,15.966270905691555,5.990123807977585,Inf,7.653412498725901,33.308253890192205,High,forearm_length
0.2529809000303973,20.09771504052374,7.396814761848256,Inf,9.769408683181313,41.34519938197141,Low,forearm_length
0.2529809000303973,17.949721561373735,6.603057297452934,Inf,8.728332212948306,36.91340983250832,Mean,forearm_length
0.2529809000303973,16.031300248868934,5.904039823404156,Inf,7.789086278820863,32.99521644383314,High,forearm_length
0.37947135004559596,20.688818483101414,7.4770850125522665,Inf,10.188387260554045,42.01128199002544,Low,forearm_length
0.37947135004559596,18.24882244968646,6.592182918643468,Inf,8.989754102969295,37.044341478726885,Mean,forearm_length
0.37947135004559596,16.09659445135498,5.8213726565517625,Inf,7.92309543986106,32.70190986566428,High,forearm_length
0.5059618000607946,21.29730714977659,7.5615762381364995,Inf,10.619569022165159,42.71127113400015,Low,forearm_length
0.5059618000607946,18.552907334050804,6.584233363571662,Inf,9.253998464934266,37.19585343029567,Mean,forearm_length
0.5059618000607946,16.162154591900457,5.742405792050878,Inf,8.05504100426926,32.42879097872277,High,forearm_length
0.6324522500759933,21.92369236563241,7.6509726202405215,Inf,11.06266436576182,43.44778717416954,Low,forearm_length
0.6324522500759933,18.862059264091872,6.579678728573775,Inf,9.520577015384907,37.36929800653793,Mean,forearm_length
0.6324522500759933,16.227981753649793,5.667433982770064,Inf,8.18450214165161,32.17634832748029,High,forearm_length
0.7589427000911919,22.568500494576877,7.746027450949418,Inf,11.517303058069018,44.223653055380474,Low,forearm_length
0.7589427000911919,19.1763626733123,6.579021544810829,Inf,9.788952687916048,37.56611121763336,Mean,forearm_length
0.7589427000911919,16.294077024158963,5.596762048722014,Inf,8.311038094031707,31.945100367171058,High,forearm_length
0.8854331501063906,23.232273381656917,7.847565848279549,Inf,11.983030838235539,45.041904153149886,Low,forearm_length
0.8854331501063906,19.495903402152205,6.582796271236061,Inf,10.058540463961787,37.78781333413682,Mean,forearm_length
0.8854331501063906,16.360441495413482,5.530703304904557,Inf,8.43419078909191,31.735592971292764,High,forearm_length
1.0119236001215892,23.915568808381465,7.95648683502644,Inf,12.459307224147505,45.905797259731905,Low,forearm_length
1.0119236001215892,19.820768721433325,6.591568209528083,Inf,10.328709258182744,38.03600845839578,Mean,forearm_length
1.0119236001215892,16.427076263846445,5.469577589773099,Inf,8.553488198379364,31.548396200436184,High,forearm_length
1.1384140501367879,24.61896096143635,8.07376463609825,Inf,12.94550479543455,46.81881845460951,Low,forearm_length
1.1384140501367879,20.151047356193835,6.605931772458985,Inf,10.598784990461203,38.31238296814404,Mean,forearm_length
1.1384140501367879,16.493982430356613,5.413708877125681,Inf,8.668448476986914,31.384100296051553,High,forearm_length
1.2649045001519865,25.343040915184723,8.200449055867283,Inf,13.440910216083232,47.78468961575197,Low,forearm_length
1.2649045001519865,20.486829509920355,6.626508051451975,Inf,10.868054950375019,38.61870272877676,Mean,forearm_length
1.2649045001519865,16.56116110032663,5.363422469409678,Inf,8.778584892825833,31.243310891157034,High,forearm_length
1.3913949501671852,26.088417128358568,8.337664813877987,Inf,13.944727228997701,48.8073733595829,Low,forearm_length
1.3913949501671852,20.8282068891837,6.653941650444483,Inf,11.13577352039657,38.95680901053296,Mean,forearm_length
1.3913949501671852,16.62861338364127,5.319041789813451,Inf,8.883411517261083,31.12664346634556,High,forearm_length
1.5178854001823838,26.855715955358615,8.486609745893723,Inf,14.456081801799474,49.89107625173549,Low,forearm_length
1.5178854001823838,21.17527272868519,6.688896781785142,Inf,11.401169270560128,39.328613100414884,Mean,forearm_length
1.5178854001823838,16.696340394705782,5.280884813505309,Inf,8.982449605459811,31.0347171228704,High,forearm_length
1.6443758501975825,27.645582172592384,8.648551818306633,Inf,14.974029526498747,51.040250208472955,Low,forearm_length
1.6443758501975825,21.52812181672025,6.732052655171687,Inf,11.663453371020134,39.73608966509807,Mean,forearm_length
1.6443758501975825,16.7643432524643,5.249260203975048,Inf,9.075234546281314,30.968147793117492,High,forearm_length
1.7708663002127811,28.45867952029255,8.824824956677869,Inf,15.497565276659042,52.25959210886548,Low,forearm_length
1.7708663002127811,21.886850521066403,6.784098231058121,Inf,11.9218291926419,40.18126899747587,Mean,forearm_length
1.7708663002127811,16.832623080418326,5.2244632469514825,Inf,9.161323211072878,30.92754105924075,High,forearm_length
1.8973567502279798,29.295691260270992,9.016823751375018,Inf,16.025635008535616,53.55404175622379,Low,forearm_length
1.8973567502279798,22.251556815302525,6.845726452984651,Inf,12.175502884332946,40.666228361027805,Mean,forearm_length
1.8973567502279798,16.90118100664528,5.206771699570461,Inf,9.240301482599355,30.913484798878244,High,forearm_length
2.0238472002431784,30.157320750077293,9.225997171025337,Inf,16.55714946480022,54.928778456492395,Low,forearm_length
2.0238472002431784,22.622340305566805,6.917628115436552,Inf,12.423694635853815,41.19308272628845,Mean,forearm_length
2.0238472002431784,16.970018163817176,5.1964416936976905,Inf,9.311791704597844,30.926541917608567,High,forearm_length
2.1503376502583773,31.044292034043973,9.453841482397994,Inf,17.090999411168955,56.389216611007406,Low,forearm_length
2.1503376502583773,22.99930225776045,7.000485560974177,Inf,12.66565026424988,41.763975264411975,Mean,forearm_length
2.1503376502583773,17.039135689219297,5.193703846789036,Inf,9.375459764438334,30.967243455822132,High,forearm_length
2.2768281002735757,31.957350451715314,9.701892636918844,Inf,17.626071919827453,57.941000838929206,Low,forearm_length
2.2768281002735757,23.382545625204788,7.0949664281514355,Inf,12.90065270913042,42.381068015870746,Mean,forearm_length
2.2768281002735757,17.108534724768994,5.198759738882418,Inf,9.431021510921044,31.03608236813796,High,forearm_length
2.403318550288774,32.897263264170924,9.971718432592569,Inf,18.16126712182551,59.590001237941586,Low,forearm_length
2.403318550288774,23.77217507675915,7.201717686224455,Inf,13.128032994315562,43.04653318016373,Mean,forearm_length
2.403318550288774,17.178216417034562,5.211778908445186,Inf,9.478248219851357,31.13350826289117,High,forearm_length
2.529809000303973,33.864820298770454,10.264910789648646,Inf,18.69551479508155,61.34230944898744,Low,forearm_length
2.529809000303973,24.168297025407373,7.321360190997474,Inf,13.347180216342078,43.762545469577454,Mean,forearm_length
2.529809000303973,17.24818191725418,5.232896502134869,Inf,9.516970853100943,31.25992335615474,High,forearm_length
2.656299450319172,34.860834612861154,10.583078484438252,Inf,19.227790143515993,63.2042362036635,Low,forearm_length
2.656299450319172,24.57101965732055,7.454483977174276,Inf,13.557550156248736,44.53127593425637,Mean,forearm_length
2.656299450319172,17.31843238135492,5.2622116847228275,Inf,9.547082911167172,31.415679840460836,High,forearm_length
2.7827899003343703,35.886143177006076,10.927840667218593,Inf,19.757128159491675,65.18231099806326,Low,forearm_length
2.7827899003343703,24.98045296140416,7.601644467115152,Inf,13.758672178366146,45.354887598683185,Mean,forearm_length
2.7827899003343703,17.38896896997186,5.299786877553224,Inf,9.568541750836351,31.601078796799378,High,forearm_length
2.9092803503495688,36.94160757830703,11.300821446670557,Inf,20.282636043853465,67.28328445666655,Low,forearm_length
2.9092803503495688,25.396708759337468,7.763359726819998,Inf,13.950154173010135,46.235533156651364,Mean,forearm_length
2.9092803503495688,17.459792848467245,5.345647850257584,Inf,9.581368322152805,31.816370695881307,High,forearm_length
3.0357708003647677,38.028114744413315,11.703645761406666,Inf,20.80350327754682,69.51413383221268,Low,forearm_length
3.0357708003647677,25.81990073611353,7.940108841848205,Inf,14.131685410258909,47.17535486169176,Mean,forearm_length
3.0357708003647677,17.53090518694976,5.399784645096801,Inf,9.585645364702847,32.06175744885272,High,forearm_length
3.1622612503799665,39.14657768882452,12.137936682752759,Inf,21.319009083748654,71.88207194467374,Low,forearm_length
3.1622612503799665,26.250144471088046,8.132331424371326,Inf,14.303037288618672,48.17648663345838,Mean,forearm_length
3.1622612503799665,17.602307160293822,5.4621532705332765,Inf,9.581514184071068,32.33739588680371,High,forearm_length
3.288751700395165,40.29793627811396,12.605314211464234,Inf,21.82852717484448,74.39455970929487,Low,forearm_length
3.288751700395165,26.687557469545663,8.340428203471578,Inf,14.464062074195164,49.241058288940835,Mean,forearm_length
3.288751700395165,17.673999948159043,5.5326780642944575,Inf,9.569170197869505,32.64340247987986,High,forearm_length
3.4152421504103634,41.48315802171712,13.107395551646006,Inf,22.33152782935587,77.059322255265,Low,forearm_length
3.4152421504103634,27.132259194792212,8.56476259935177,Inf,14.614689823058042,50.371201710482104,Mean,forearm_length
3.4152421504103634,17.745984735009685,5.611254599169228,Inf,9.548857491466762,32.97985905608307,High,forearm_length
3.5417326004255623,42.703238884949,13.645796774895576,Inf,22.827577476878268,79.88436850612317,Low,forearm_length
3.5417326004255623,27.584371100781713,8.805663142206482,Inf,14.754923754404237,51.56905868785117,Mean,forearm_length
3.5417326004255623,17.818262710134242,5.697752988686987,Inf,9.520862653414722,33.34681924998575,High,forearm_length
3.668223050440761,43.95920412593355,14.222135731681508,Inf,23.31633607453938,82.87801399018345,Low,forearm_length
3.668223050440761,28.044016665287078,9.063426570313172,Inf,14.884834390759636,52.83679012318273,Mean,forearm_length
3.668223050440761,17.890835067665076,5.792021444897277,Inf,9.485508169182074,33.74431540297696,High,forearm_length
3.7947135004559596,45.25210915714833,14.838036028060351,Inf,23.797552631068946,86.04890657945305,Low,forearm_length
3.7947135004559596,28.511321423623524,9.338321429858077,Inf,15.004552803071334,54.17658626618845,Mean,forearm_length
3.7947135004559596,17.963703006598166,5.893889945697065,Inf,9.443145641109016,34.17236564736137,High,forearm_length
3.921203950471158,46.58304043230856,15.49513186462035,Inf,24.271059273255798,89.40605481974939,Low,forearm_length
3.921203950471158,28.986413002933954,9.630591999985274,Inf,15.114263295370732,55.59067765042857,Mean,forearm_length
3.921203950471158,18.036867730812897,6.003173882629784,Inf,9.39414907619191,34.63098093294443,High,forearm_length
4.047694400486357,47.9531163593357,16.195073529691104,Inf,24.73676425701777,92.95885851034964,Low,forearm_length
4.047694400486357,29.469421157045613,9.940462378285952,Inf,15.21419584012607,57.08134642521676,Mean,forearm_length
4.047694400486357,18.11033044909197,6.119677579378053,Inf,9.338908446059946,35.12017179199171,High,forearm_length
4.174184850501556,49.36348824017776,16.939533347674608,Inf,25.194644306795958,96.71714121325711,Low,forearm_length
4.174184850501556,29.960477801907555,10.268140581532041,Inf,15.304618537042526,58.65093781632103,Mean,forearm_length
4.174184850501556,18.184092375141333,6.243197593744555,Inf,9.277823680198292,35.63995468176498,High,forearm_length
4.300675300516755,50.81534123827118,17.73021190238824,Inf,25.64473662918496,100.69118441338468,Low,forearm_length
4.300675300516755,30.459717051618703,10.613822540858266,Inf,15.38583032076625,60.301871496166704,Mean,forearm_length
4.300675300516755,18.258154727610293,6.373525739426382,Inf,9.211299208569809,36.19035778874859,High,forearm_length
4.427165750531953,52.309895374457135,18.56884438094447,Inf,26.087130896603057,104.89176310465645,Low,forearm_length
4.427165750531953,30.967275255056165,10.97769589699493,Inf,15.458154092093597,62.036652695349964,Mean,forearm_length
4.427165750531953,18.332518730111605,6.510451786427252,Inf,9.139739126923644,36.77142622155068,High,forearm_length
4.5536562005471515,53.848406552189196,19.457206912585328,Inf,26.521961440804432,109.33018263682023,Low,forearm_length
4.5536562005471515,31.483291033113904,11.35994352722671,Inf,15.5219303973131,63.85788293750692,Mean,forearm_length
4.5536562005471515,18.4071856112417,6.653765819143861,Inf,9.063543019856223,37.38322655769536,High,forearm_length
4.68014665056235,55.43216761289395,20.397122806261812,Inf,26.94939983945431,114.01831671833583,Low,forearm_length
4.68014665056235,32.007905316561974,11.760746759783487,Inf,15.577511734466054,65.76827032569159,Mean,forearm_length
4.68014665056235,18.482156604600988,6.803260248172456,Inf,8.983102444667217,38.02585074155304,High,forearm_length
4.806637100577548,57.06250942237108,21.390468618516095,Inf,27.369648025782457,118.96864652811331,Low,forearm_length
4.806637100577548,32.54126138453658,12.180288252260977,Inf,15.62525752566182,67.77063934835083,Mean,forearm_length
4.806637100577548,18.557432948814228,6.958731485354552,Inf,8.898798053870445,38.69941935584794,High,forearm_length
4.933127550592747,58.7408019891467,22.43918000800799,Inf,27.78293200410389,124.1943009405365,Low,forearm_length
4.933127550592747,33.08350490367152,12.618754527874934,Inf,15.6655297621246,69.86794020573336,Mean,forearm_length
4.933127550592747,18.633015887551004,7.119981301540228,Inf,8.810997315794326,39.40408430761488,High,forearm_length
5.059618000607946,60.46845561571804,23.545257354067388,Inf,28.189496214139407,129.70909791272015,Low,forearm_length
5.059618000607946,33.63478396788166,13.07633817676557,Inf,15.698689303539275,72.06325768298485,Mean,forearm_length
5.059618000607946,18.708906669546263,7.286817893282288,Inf,8.720052780452543,40.14003098174224,High,forearm_length
5.186108450623145,62.24692208365911,24.71077113370445,Inf,28.589598555017858,135.5275871199342,Low,forearm_length
5.186108450623145,34.195249138809366,13.55323973939819,Inf,15.725092795062034,74.35981961470071,Mean,forearm_length
5.186108450623145,18.785106548620956,7.459056688631934,Inf,8.62630083090146,40.90747992220965,High,forearm_length
5.312598900638344,64.07769587358126,25.93786706467542,Inf,28.98350605532335,141.66509395480952,Low,forearm_length
5.312598900638344,34.765053486944915,14.049669295757651,Inf,15.745090153253996,76.76100499814292,Mean,forearm_length
5.312598900638344,18.86161678370275,7.636520923903148,Inf,8.530060857616625,41.70668810382437,High,forearm_length
5.439089350653542,65.96231542097495,27.228771031845,Inf,29.371491157849583,148.13776502911293,Low,forearm_length
5.439089350653542,35.344352633432,14.565847788016237,Inf,15.759022565182361,79.27035181968698,Mean,forearm_length
5.439089350653542,18.938438638846794,7.819042023229558,Inf,8.431634794007984,42.537949856681806,High,forearm_length
5.565579800668741,67.9023644089875,28.585793820684092,Inf,29.753828575873555,154.96261533447267,Low,forearm_length
5.565579800668741,35.93330479257005,15.102008106199172,Inf,15.767220941974756,81.89156466237876,Mean,forearm_length
5.565579800668741,19.01557338325667,8.006459811434366,Inf,8.331306954125475,43.4015975026544,High,forearm_length
5.69207025068394,69.89947309922348,30.01133568583118,Inf,30.130792670715138,162.1575772315419,Low,forearm_length
5.69207025068394,36.532070815024554,15.658395966587012,Inf,15.77000476822088,84.62852216274464,Mean,forearm_length
5.69207025068394,19.0930222913053,8.198622588586172,Inf,8.229344118085999,44.298001758743744,High,forearm_length
5.8185607006991376,71.9553197016858,31.50789078474991,Inf,30.502655297082,169.74155144673972,Low,forearm_length
5.8185607006991376,37.140814231757595,16.235270611632462,Inf,15.76768129092005,87.48528438308104,Mean,forearm_length
5.8185607006991376,19.17078664255604,8.395387091962276,Inf,8.125995816130454,45.227571956764216,High,forearm_length
5.945051150714336,74.0716317850089,33.07805150711468,Inf,30.869684062279337,177.7344602628507,Low,forearm_length
5.945051150714336,37.75970129869026,16.832905358411672,Inf,15.760544995437346,90.46610016208682,Mean,forearm_length
5.945051150714336,19.248867721783792,8.59661836825075,Inf,8.021494767991339,46.19075612306503,High,forearm_length
6.071541600729535,76.25018772816868,34.72451273006624,Inf,31.2321409469856,186.15730309523087,Low,forearm_length
6.071541600729535,38.38890104210941,17.45158802038609,Inf,15.74887732056753,93.57541450248354,Mean,forearm_length
6.071541600729535,19.327266818996257,8.802189575890907,Inf,7.916057440046834,47.18804095621415,High,forearm_length
6.198032050744734,78.49281821488992,36.45007602824756,Inf,31.590281238294818,195.03221464983451,Low,forearm_length
6.198032050744734,39.02858530483097,18.091621224758317,Inf,15.732946569859553,96.81787604965251,Mean,forearm_length
6.198032050744734,19.405985229455233,9.011981734616274,Inf,7.809884688299225,48.219951735016714,High,forearm_length
6.324522500759933,80.80140777200586,38.25765386582917,Inf,31.9443527295727,204.38252586329057,Low,forearm_length
6.324522500759933,39.67892879313244,18.753322645141186,Inf,15.713007981492574,100.1983447106301,Mean,forearm_length
6.324522500759933,19.485024253697993,9.225883436615089,Inf,7.703162460378656,49.2870521840891,High,forearm_length
6.451012950775131,83.1778963530635,40.150273795780855,Inf,32.29459514596459,214.2328278292565,Low,forearm_length
6.451012950775131,40.34010912446763,19.437025166748505,Inf,15.689303923983871,103.72189945828659,Mean,forearm_length
6.451012950775131,19.564385197558817,9.443790531313333,Inf,7.596062534443748,50.3899443195524,High,forearm_length
6.57750340079033,85.62428096850495,42.1310826895969,Inf,32.6412397588269,224.6090389195734,Low,forearm_length
6.57750340079033,41.012306875976215,20.143076998941343,Inf,15.662064189695498,107.39384636131713,Mean,forearm_length
6.57750340079033,19.644069372190536,9.66560579363871,Inf,7.4887432769879885,51.52926829328313,High,forearm_length
6.703993850805529,88.1426173637951,44.20335101865103,Inf,32.984509156718794,235.53847531358093,Low,forearm_length
6.703993850805529,41.69570563380184,20.87184174777591,Inf,15.6315063624015,111.2197268768895,Mean,forearm_length
6.703993850805529,19.72407809408621,9.891238583745995,Inf,7.3813504051621806,52.705702250571264,High,forearm_length
6.830484300820727,90.73502174690493,46.37047720641936,Inf,33.32461714474648,247.04992515447972,Low,forearm_length
6.830484300820727,42.390492043231895,21.623698459224524,Inf,15.597836239034413,115.20532643946699,Mean,forearm_length
6.830484300820727,19.804412685100854,10.120604504565263,Inf,7.2740177423103365,53.91996221296134,High,forearm_length
6.956974750835926,93.40367256660319,48.63599206901724,Inf,33.66176874791008,259.1737265579924,Low,forearm_length
6.956974750835926,43.09685585967284,22.399041641987854,Inf,15.56124828913918,119.35668337646979,Mean,forearm_length
6.956974750835926,19.88507447247331,10.353625062157876,Inf,7.166867958027203,55.172801995455515,High,forearm_length
7.0834652008511245,96.15081234305005,51.00356335987135,Inf,33.996160297614146,271.9418497058105,Low,forearm_length
7.0834652008511245,43.81499000047492,23.198281277281495,Inf,15.521926138534267,123.68009817903948,Mean,forearm_length
7.0834652008511245,19.96606478884814,10.590227332708002,Inf,7.060013286226238,56.46501316509096,High,forearm_length
7.209955650866323,98.978749552231207,53.477000432908646,Inf,34.32797958365104,285.3879832645059,Low,forearm_length
7.209955650866323,44.54509059762047,24.02184282165165,Inf,15.480043066240798,128.18214315421017,Mean,forearm_length
7.209955650866323,20.047384972297674,10.830343639016176,Inf,6.953556216506692,57.79742504611701,High,forearm_length
7.336446100881522,101.889860565816,56.06025903738729,Inf,34.65740605675153,299.54762537974244,Low,forearm_length
7.336446100881522,45.28735705129016,24.870167207736745,Inf,15.435762505924007,132.86967248322975,Mean,forearm_length
7.336446100881522,20.1290363663441,11.07391123857093,Inf,6.847590155576717,59.17090477554706,High,forearm_length
7.462936550896721,104.88659164806958,58.7574462564166,Inf,34.984611069235726,314.4581795057593,Low,forearm_length
7.462936550896721,46.041992084321826,25.743710846926383,Inf,15.389238544936378,137.74983270957665,Mean,forearm_length
7.462936550896721,20.211020319981667,11.320872024631589,Inf,6.742200056673425,60.58635741168695,High,forearm_length
0,20.062104339607433,7.686722844301672,Inf,9.467638929065565,42.511975113210205,Low,wing_loading
0,17.02314840213098,6.519046231653583,Inf,8.036568977513207,36.05861933516867,Mean,wing_loading
0,14.444525689603951,5.536726166215599,Inf,6.814429696117174,30.618016723617078,High,wing_loading
0.12649045001519865,20.60519986967229,7.747143708382914,Inf,9.861478858161107,43.053812493627795,Low,wing_loading
0.12649045001519865,17.32794437329823,6.511779546715766,Inf,8.295996272953095,36.19307992977631,Mean,wing_loading
0.12649045001519865,14.571936118224759,5.481231951724484,Inf,6.971687379061433,30.457665510269877,High,wing_loading
0.2529809000303973,21.162997384622866,7.810460527098941,Inf,10.266701572539493,43.623792426136724,Low,wing_loading
0.2529809000303973,17.63819765364503,6.506536257139656,Inf,8.559637235767946,36.34570109689204,Mean,wing_loading
0.2529809000303973,14.700470392492704,5.427974485566418,Inf,7.1291072619344344,30.312887970480094,High,wing_loading
0.37947135004559596,21.735894877717445,7.877237389669098,Inf,10.68307426295803,44.224079558571496,Low,wing_loading
0.37947135004559596,17.95400595516989,6.503724129902554,Inf,8.827120101520553,36.51772334928906,Mean,wing_loading
0.37947135004559596,14.83013842548205,5.377240084775737,Inf,7.286335660766452,30.18430881563647,High,wing_loading
0.5059618000607946,22.32430111617684,7.948098626232581,Inf,11.110291064295225,44.85700846554272,Low,wing_loading
0.5059618000607946,18.27546873938457,6.503784554875093,Inf,9.098023976076574,36.710472353388276,Mean,wing_loading
0.5059618000607946,14.96095021770701,5.329331424337866,Inf,7.442990744371679,30.072593007853143,High,wing_loading
0.6324522500759933,22.92863593284318,8.023731839722968,Inf,11.547968634892294,45.52509297197018,Low,wing_loading
0.6324522500759933,18.602687248638723,6.5071931574308435,Inf,9.371877711619268,36.92536154645083,Mean,wing_loading
0.6324522500759933,15.092915857893072,5.2845670620988665,Inf,7.598663153136594,29.978445484770564,High,wing_loading
0.7589427000911919,23.549330525734298,8.104890517423279,Inf,11.99564251175996,46.23103495011676,Low,wing_loading
0.7589427000911919,18.935764538005458,6.514459996135378,Inf,9.648159526680283,37.16389407194624,Mean,wing_loading
0.7589427000911919,15.226045523755058,5.243280631958771,Inf,7.7529172208947115,29.9026102931494,High,wing_loading
0.8854331501063906,24.186827765707104,8.192396088372423,Inf,12.452764492410497,46.97773235208276,Low,wing_loading
0.8854331501063906,19.27480550773778,6.526129263485472,Inf,9.926297525502536,37.42766388037619,Mean,wing_loading
0.8854331501063906,15.360349482782096,5.2058196610875855,Inf,7.905292885596757,29.845869045925106,High,wing_loading
1.0119236001215892,24.841582512449744,8.28713928648484,Inf,12.91870130709106,47.76828622735639,Low,wing_loading
1.0119236001215892,19.619916936306154,6.542778409456681,Inf,10.205671269588063,37.71835584540541,Mean,wing_loading
1.0119236001215892,15.495838093029452,5.172543972220394,Inf,8.055308365073584,29.809038626814772,High,wing_loading
1.1384140501367879,25.514061939027833,8.39008067964706,Inf,13.392734845640957,48.60600647525134,Low,wing_loading
1.1384140501367879,19.971207514027583,6.565016614730943,Inf,10.485614541771973,38.03774475777649,Mean,wing_loading
1.1384140501367879,15.632521803917404,5.1438236412868115,Inf,8.202463657401418,29.79296808336881,High,wing_loading
1.2649045001519865,26.204745865216356,8.502250234209342,Inf,13.874064187148297,49.49441609882858,Low,wing_loading
1.2649045001519865,20.328787877296854,6.593482554010051,Inf,10.765419418476766,38.38769308428905,Mean,wing_loading
1.2649045001519865,15.770411157037163,5.12003649419669,Inf,8.346244900250916,29.798534674500782,High,wing_loading
1.3913949501671852,26.91412709985525,8.624745804010818,Inf,14.361809644528638,50.437253763708206,Low,wing_loading
1.3913949501671852,20.69277064343066,6.628841410567596,Inf,11.0443417273796,38.77014741766949,Mean,wing_loading
1.3913949501671852,15.909516786963843,5.101565144727508,Inf,8.486129589733348,29.826639072411066,High,wing_loading
1.5178854001823838,27.64271179247254,8.758730464616345,Inf,14.855018977632813,51.43847452448457,Low,wing_loading
1.5178854001823838,21.063270446135547,6.671781131414446,Inf,11.321607915011112,39.187133595997864,Mean,wing_loading
1.5178854001823838,16.04984942207667,5.0887935978881504,Inf,8.621592617087506,29.87819976100365,High,wing_loading
1.6443758501975825,28.39101979442647,8.90542865712135,Inf,15.352675846833549,52.502248663952706,Low,wing_loading
1.6443758501975825,21.44040397161105,6.723007947656723,Inf,11.596423282684707,39.64075053661297,Mean,wing_loading
1.6443758501975825,16.191419885386374,5.082103469049576,Inf,8.75211303260349,29.954146721857413,High,wing_loading
1.7708663002127811,29.1595850298238,9.066121160716294,Inf,15.853710476034998,53.63295869423364,Low,wing_loading
1.7708663002127811,21.824289995299086,6.783241225368435,Inf,11.867981472330069,40.13316290637912,Mean,wing_loading
1.7708663002127811,16.334239095369934,5.081869897069309,Inf,8.877181393223191,30.055414551784576,High,wing_loading
1.8973567502279798,29.948955876479125,9.242138976655859,Inf,16.357012374482213,54.83519468937779,Low,wing_loading
1.8973567502279798,22.21504941929143,6.853207756104136,Inf,12.135475000966451,40.66659283318191,Mean,wing_loading
1.8973567502279798,16.478318066812637,5.088457257484501,Inf,8.996307497298032,30.182935208984027,High,wing_loading
2.0238472002431784,30.759695557187218,9.43485627417103,Inf,16.861444838541885,56.11374824819954,Low,wing_loading
2.0238472002431784,22.61280531040695,6.933635639583701,Inf,12.398106560273666,41.24331094594834,Mean,wing_loading
2.0238472002431784,16.623667911657563,5.10221480697807,Inf,9.109028262037928,30.337630632759442,High,wing_loading
2.1503376502583773,31.59238254158715,9.645682615580979,Inf,17.365860828473313,57.47360551326752,Low,wing_loading
2.1503376502583773,23.017682938950614,7.025247949918236,Inf,12.655100723963429,41.865627104398634,Mean,wing_loading
2.1503376502583773,16.770299839862638,5.12347240983684,Inf,9.214915461792767,30.52040551918214,High,wing_loading
2.2768281002735757,32.44761095890536,9.876054736866223,Inf,17.869119703589703,58.91993978466495,Low,wing_loading
2.2768281002735757,23.42980981816639,7.1287564065812035,Inf,12.905715648893379,42.53588123666101,Mean,wing_loading
2.2768281002735757,16.9182251602651,5.152536508228162,Inf,9.313583023819701,30.73214055658243,High,wing_loading
2.403318550288774,33.325991021871864,10.127428204594384,Inf,18.37010421484929,60.458104352621156,Low,wing_loading
2.403318550288774,23.8493157443967,7.24485528808896,Inf,13.149254323899928,43.25643473501785,Mean,wing_loading
2.403318550288774,17.06745528145379,5.189686498581202,Inf,9.404693576914932,30.973686426047355,High,wing_loading
2.529809000303973,34.228149462112256,10.401269294553025,Inf,18.867737107890434,62.09362622032452,Low,wing_loading
2.529809000303973,24.276332837960773,7.37421582700407,Inf,13.385074918975182,44.02966286157888,Mean,wing_loading
2.529809000303973,17.218001712648935,5.235171664915393,Inf,9.487963969651144,31.24585885075636,High,wing_loading
2.656299450319172,35.154729977326,10.69904743781034,Inf,19.360996689346972,63.83220138964797,Low,wing_loading
2.656299450319172,24.710995584764966,7.517481308018833,Inf,13.61259981935981,44.85794858391651,Mean,wing_loading
2.656299450319172,17.369876064589835,5.289208796675668,Inf,9.563169518863843,31.54943493410498,High,wing_loading
2.7827899003343703,36.106393690570165,11.02222855491187,Inf,19.84893075739233,65.67969233571529,Low,wing_loading
2.7827899003343703,25.153440878658145,7.67526305714624,Inf,13.831322993169033,45.743678196845245,Mean,wing_loading
2.7827899003343703,17.523090050430334,5.351980585026777,Inf,9.630146812588414,31.88515096302655,High,wing_loading
2.9092803503495688,37.08381962197645,11.372269550271602,Inf,20.330668390509437,67.64212820456251,Low,wing_loading
2.9092803503495688,25.603808064545387,7.848137462153055,Inf,14.040815432127319,46.68923899576939,Mean,wing_loading
2.9092803503495688,17.677655486642138,5.423634850481751,Inf,9.688794969417868,32.25370177517388,High,wing_loading
3.0357708003647677,38.08770517323767,11.750614171151328,Inf,20.805429217595478,69.72570814047988,Low,wing_loading
3.0357708003647677,26.06223898227363,8.03664410678998,Inf,14.240728514295142,47.69701915792493,Mean,wing_loading
3.0357708003647677,17.833584293926208,5.504284610018201,Inf,9.739075340916978,32.65574170397853,High,wing_loading
3.1622612503799665,39.11876662520991,12.158690355782888,Inf,21.272529944576736,71.93680799907716,Low,wing_loading
3.1622612503799665,26.528878011303117,8.241285039704454,Inf,14.430795254618955,48.769409871111456,Mean,wing_loading
3.1622612503799665,17.99088849813208,5.594008947720389,Inf,9.781009727170664,33.091887032183664,High,wing_loading
3.288751700395165,40.17773964898482,12.597909111183888,Inf,21.731388072385872,74.28199054402972,Low,wing_loading
3.288751700395165,27.003872116178595,8.462525139049001,Inf,14.61082952247131,49.908809636400974,Mean,wing_loading
3.288751700395165,18.14958023118538,5.69285461352407,Inf,9.814677250032393,33.56271980998132,High,wing_loading
3.4152421504103634,41.265379830797386,13.069664881025107,Inf,22.1815228932003,76.76801907510053,Low,wing_loading
3.4152421504103634,27.487370892814802,8.70079348104329,Inf,14.780723404917365,51.117630571978516,Mean,wing_loading
3.4152421504103634,18.30967173202347,5.800838243117053,Inf,9.840210087916532,34.06879283462947,High,wing_loading
3.5417326004255623,42.38246321114299,13.57533729435224,Inf,22.622553983233995,79.40187430540077,Low,wing_loading
3.5417326004255623,27.97952661561054,8.95648557916961,Inf,14.940442972527054,52.39830646743169,Mean,wing_loading
3.5417326004255623,18.47117534753937,5.917949070576245,Inf,9.857788316037837,34.61063554838831,High,wing_loading
3.668223050440761,43.529786838488874,14.116294131916508,Inf,23.054197511882453,82.19077420620046,Low,wing_loading
3.668223050440761,28.480494285406415,9.229966332654158,Inf,15.090022756669496,53.75330228594652,Mean,wing_loading
3.668223050440761,18.634103533534002,6.044151994681059,Inf,9.867634115393033,35.18876059224801,High,wing_loading
3.7947135004559596,44.708169337975086,14.693895310850708,Inf,23.476260753912793,85.14219647266064,Low,wing_loading
3.7947135004559596,28.990431678301206,9.521573509006338,Inf,15.229559272310834,55.18512478705015,Mean,wing_loading
3.7947135004559596,18.79846885567682,6.179390859545168,Inf,9.870005613485269,35.80367075323942,High,wing_loading
3.921203950471158,45.91845149551031,15.309497670662239,Inf,23.88863522336143,88.26390323393454,Low,wing_loading
3.921203950471158,29.509499395342285,9.831621584672066,Inf,15.359203920347555,56.696333942807755,Mean,wing_loading
3.921203950471158,18.964283990474947,6.323591818755081,Inf,9.865190602724038,36.4558660602135,High,wing_loading
4.047694400486357,47.16149685767996,15.964460342311936,Inf,24.291288848203788,91.56396763284235,Low,wing_loading
4.047694400486357,30.03786091310577,10.160405778146709,Inf,15.479155582641635,58.289554841537914,Mean,wing_loading
4.047694400486357,19.131561726250805,6.476666667450073,Inf,9.853500352726408,37.14585081270839,High,wing_loading
4.174184850501556,48.43819234789367,16.660150494493024,Inf,24.68425757955779,95.05080192788922,Low,wing_loading
4.174184850501556,30.575682635182208,10.508206128353729,Inf,15.589653186658765,59.96748980967859,Mean,wing_loading
4.174184850501556,19.300314964128418,6.638516046323367,Inf,9.835263695015106,37.874140365281505,High,wing_loading
4.300675300516755,49.74944889921303,17.397949273437874,Inf,25.067636785301723,98.73318681666139,Low,wing_loading
4.300675300516755,31.123133944584257,10.875291494697676,Inf,15.690968470773951,61.732930528586685,Mean,wing_loading
4.300675300516755,19.470556719028412,6.809032443050172,Inf,9.810821517293503,38.64126753102781,High,wing_loading
4.427165750531953,51.096202104309846,18.17925778088781,Inf,25.441572722782478,102.6203017373424,Low,wing_loading
4.427165750531953,31.680387257092562,11.261923381115977,Inf,15.783399131318003,63.58876997337533,Mean,wing_loading
4.427165750531953,19.642300120671738,6.988102938165589,Inf,9.78052176337189,39.44778850914058,High,wing_loading
4.5536562005471515,52.47941288301942,19.005502965853136,Inf,25.806254325312796,106.72175596769962,Low,wing_loading
4.5536562005471515,32.24761807555687,11.6683595123196,Inf,15.867262482807467,65.53801405086395,Mean,wing_loading
4.5536562005471515,19.81555841459236,7.1756116624037825,Inf,9.744714996808655,40.29428827941248,High,wing_loading
4.68014665056235,53.90006816796517,19.87814333667878,Inf,26.161905477716598,111.04762040310143,Low,wing_loading
4.68014665056235,32.82500504516935,12.094857114459316,Inf,15.94288971688051,67.58379285999482,Mean,wing_loading
4.68014665056235,19.9903449631587,7.371441949956733,Inf,9.703750553317766,41.181385439617905,High,wing_loading
4.806637100577548,55.359181608743235,20.798674428676367,Inf,26.50877790115167,115.6084599530585,Low,wing_loading
4.806637100577548,33.4127300097276,12.541675873528462,Inf,16.01062080542161,69.72937153847937,Mean,wing_loading
4.806637100577548,20.166673246604308,7.575478186478551,Inf,9.657973279974355,42.10973648877044,High,wing_loading
4.933127550592747,56.857794295170216,21.768633987878317,Inf,26.847144719272688,120.41536654701173,Low,wing_loading
4.933127550592747,34.01097806890502,13.00908056231384,Inf,16.07080006030111,71.97816069288245,Mean,wing_loading
4.933127550592747,20.34455686406742,7.787607361802804,Inf,9.607720838463932,43.080039580068274,High,wing_loading
5.059618000607946,58.39697550010945,22.78960685264426,Inf,27.17729473771583,125.47999278338037,Low,wing_loading
5.059618000607946,34.6199376365466,13.497343340480116,Inf,16.123772336330905,74.33372643557888,Mean,wing_loading
5.059618000607946,20.524009534639834,8.007720345401184,Inf,9.553321534758906,44.09303778223742,High,wing_loading
5.186108450623145,59.97782344240649,23.863229531744384,Inf,27.499527437146003,130.81458629100823,Low,wing_loading
5.186108450623145,35.23980050000845,14.006745742589281,Inf,16.169879845075677,76.79980007140145,Mean,wing_loading
5.186108450623145,20.705045098424947,8.235712907925157,Inf,9.495092627998698,45.149521897625625,High,wing_loading
5.312598900638344,61.60146607047734,24.99119449035345,Inf,27.81414865627642,136.43202489952424,Low,wing_loading
5.312598900638344,35.87076188055987,14.537580375894864,Inf,16.209459534300816,79.380287490093,Mean,wing_loading
5.312598900638344,20.887677517605177,8.471486515172954,Inf,9.433339066144201,46.25033289064216,High,wing_loading
5.439089350653542,63.26906186710912,26.175254164541055,Inf,28.12146692449143,142.3458527356491,Low,wing_loading
5.439089350653542,36.51302049486683,15.090152354096055,Inf,16.24284098012076,82.07927832884893,Mean,wing_loading
5.439089350653542,21.0719208775188,8.714948921978442,Inf,9.368352594263676,47.39636398189086,High,wing_loading
5.565579800668741,64.98180067604795,27.417224730880196,Inf,28.42179039289886,148.5703173772136,Low,wing_loading
5.565579800668741,37.16677861757635,15.66478049541191,Inf,16.270344735318545,84.9010549733067,Mean,wing_loading
5.565579800668741,21.257789387746215,8.966014593275547,Inf,9.300411182215617,48.58856246247404,High,wing_loading
5.69207025068394,66.7409045509616,28.71898966129434,Inf,28.715424306672006,155.12040820673516,Low,wing_loading
5.69207025068394,37.8322421450214,16.26179831384,Inf,16.29228107686372,87.850101466273955,Mean,wing_loading
5.69207025068394,21.44529738320591,9.224604978354256,Inf,9.22977872124892,49.82793128023195,High,wing_loading
5.8185607006991376,68.54762862738635,30.082503094786517,Inf,29.00266895933273,162.0118961129632,Low,wing_loading
5.8185607006991376,38.509620660066396,16.881554831748772,Inf,16.308949097491805,90.93111239217035,Mean,wing_loading
5.8185607006991376,21.63445932525994,9.49064866243226,Inf,9.156704942989,51.11553044577436,High,wing_loading
5.945051150714336,70.40326201827556,31.509793057733827,Inf,29.283818070191945,169.26137469278004,Low,wing_loading
5.945051150714336,39.19912749811395,17.524415240400828,Inf,16.32063608958641,94.14900180231466,Mean,wing_loading
5.945051150714336,21.825289802829356,9.7640814173942,Inf,9.081425518898266,52.4524783015867,High,wing_loading
6.071541600729535,72.30912873379381,33.00296456343134,Inf,29.559157528686296,176.88630310813676,Low,wing_loading
6.071541600729535,39.90097981429307,18.190761432926475,Inf,16.32761717392959,97.50891224242571,Mean,wing_loading
6.071541600729535,22.01780353351926,10.044846171108372,Inf,9.004162303190137,53.83995269264487,High,wing_loading
6.198032050744734,74.2665886260084,34.56420261986713,Inf,29.828964453138166,184.90505075393256,Low,wing_loading
6.198032050744734,40.615398651850754,18.880992431907295,Inf,16.330155130695395,101.01622393947912,Mean,wing_loading
6.198032050744734,22.212015364753935,10.332892912273879,Inf,8.925123687049185,55.279192072147445,High,wing_loading
6.324522500759933,76.27703835915649,36.195775172599454,Inf,30.093506516004048,193.33694389352928,Low,wing_loading
6.324522500759933,41.342609011767856,19.59552473126741,Inf,16.328500395011513,104.67656420072028,Mean,wing_loading
6.324522500759933,22.407940274921952,10.628178545385454,Inf,8.84450503666524,56.771496571365894,High,wing_loading
6.451012950775131,78.3419124061755,37.900036007283795,Inf,30.35304149254578,202.20231441926956,Low,wing_loading
6.451012950775131,42.08283992362152,20.334792569737264,Inf,16.32289118426387,108.49581707341513,Mean,wing_loading
6.451012950775131,22.605593374531313,10.930666708198219,Inf,8.762489191902088,58.31822905834907,High,wing_loading
6.57750340079033,80.46268407221298,39.67942763403387,Inf,30.607816994785377,211.52255089632064,Low,wing_loading
6.57750340079033,42.83632451771638,21.09924815083715,Inf,16.313553728905624,112.4801333099974,Mean,wing_loading
6.57750340079033,22.80498990737486,11.240327562069735,Inf,8.67924700632118,59.92081620637124,High,wing_loading
6.703993850805529,82.64086654584155,41.53648417348607,Inf,30.858070357366383,221.3201520495355,Low,wing_loading
6.703993850805529,43.603300098507205,21.889361822180074,Inf,16.30070258275843,116.6359406797266,Mean,wing_loading
6.703993850805529,23.00614525170597,11.557137563769388,Inf,8.594937912739077,61.580749589605645,High,wing_loading
6.830484300820727,84.87801397873203,43.47383426226225,Inf,31.104028646429036,231.61878285502837,Low,wing_loading
6.830484300820727,44.384008219336245,22.70562222494626,Inf,16.284540992607536,120.96995466487961,Mean,wing_loading
6.830484300820727,23.209074921424506,11.881079225778176,Inf,8.509710501514393,63.299586820542935,High,wing_loading
6.956974750835926,87.17572259455386,45.49420399351859,Inf,31.34590876672219,242.44333340083563,Low,wing_loading
6.956974750835926,45.178694758508655,23.548536422644517,Inf,16.265261310277715,125.48918957685329,Mean,wing_loading
6.956974750835926,23.413794567273424,12.212140870747191,Inf,8.423703101355724,65.0789527411351,High,wing_loading
7.0834652008511245,89.5356318278942,47.600419906461475,Inf,31.583917645891155,253.81998068447737,Low,wing_loading
7.0834652008511245,45.987609996730136,24.418630016750093,Inf,16.24304543333943,130.2009701253761,Mean,wing_loading
7.0834652008511245,23.62031997804568,12.55031638462569,Inf,8.33704435464709,66.92054067749778,High,wing_loading
7.209955650866323,91.95942549400849,49.79541203710773,Inf,31.818252478186785,265.7762535194393,Low,wing_loading
7.209955650866323,46.81100869593074,25.31644725548237,Inf,16.218065263156998,135.11294347226914,Mean,wing_loading
7.209955650866323,23.828667081802035,12.895604971992622,Inf,8.249853781140178,68.82611376621051,High,wing_loading
7.336446100881522,94.44883299023643,52.082217041162764,Inf,32.049101012745716,278.3411007275966,Low,wing_loading
7.336446100881522,47.64915017950081,26.242551140847834,Inf,16.190483171183832,140.23309179985452,Mean,wing_loading
7.336446100881522,24.03885194709949,13.248010916307383,Inf,8.16224232540258,70.79750635877714,High,wing_loading
7.462936550896721,97.00563052994286,54.463981398681874,Inf,32.27664187412003,291.5449628003884,Low,wing_loading
7.462936550896721,48.50229841396232,27.197523538102125,Inf,16.160452466267923,145.5697454231199,Mean,wing_loading
7.462936550896721,24.250890784230457,13.60754334711892,Inf,8.074312884678125,72.83662550960433,High,wing_loading
0,20.20789223809969,7.758873651473347,Inf,9.521380789898032,42.88862274470833,Low,aspect_ratio
0,17.166280555265484,6.5871476171519445,Inf,8.091854595956713,36.41701474088898,Mean,aspect_ratio
0,14.582480182989984,5.601048753727671,Inf,6.868939035966319,30.95801653994157,High,aspect_ratio
0.12649045001519865,20.762074670760157,7.822548591248021,Inf,9.921164550981766,43.448905863733884,Low,aspect_ratio
0.12649045001519865,17.472646723267406,6.579430143078571,Inf,8.352829927890786,36.54969467254536,Mean,aspect_ratio
0.12649045001519865,14.704377493934215,5.542378915732742,Inf,7.02443618205973,30.78093556267724,High,aspect_ratio
0.2529809000303973,21.33145503525098,7.889191832151398,Inf,10.332690905010566,44.037993404049196,Low,aspect_ratio
0.2529809000303973,17.78448060039795,6.5737578464473145,Inf,8.618024356277262,36.70072596111322,Mean,aspect_ratio
0.2529809000303973,14.827293764220695,5.486022748393488,Inf,7.179954314436153,30.619782625700843,High,aspect_ratio
0.37947135004559596,21.916450120554078,7.959376448064422,Inf,10.755736461777003,44.65810291965607,Low,aspect_ratio
0.37947135004559596,18.101879768721425,6.5705423435477295,Inf,8.88706192749105,36.871359042476534,Mean,aspect_ratio
0.37947135004559596,14.951237511495403,5.432266379918586,Inf,7.3351363413662,30.475166748367773,High,aspect_ratio
0.5059618000607946,22.5174881456971,8.033737195479013,Inf,11.190003706940514,45.31162684755175,Low,aspect_ratio
0.5059618000607946,18.42494355184675,6.570229124377809,Inf,9.159517167507701,37.0629301392653,Mean,aspect_ratio
0.5059618000607946,15.076217324604679,5.381411928130998,Inf,7.489597414985304,30.34773649701654,High,aspect_ratio
0.6324522500759933,23.13500907321168,8.112973684556753,Inf,11.63511640616229,46.001142243331095,Low,aspect_ratio
0.6324522500759933,18.75377304600877,6.573298161852676,Inf,9.434913960093837,37.27686388543464,Mean,aspect_ratio
0.6324522500759933,15.202241864190475,5.333776983211943,Inf,7.642925619999902,30.23817961705461,High,aspect_ratio
0.7589427000911919,23.769464931187915,8.197853131346173,Inf,12.090615784552323,46.729420004962286,Low,aspect_ratio
0.7589427000911919,19.08847115170421,6.580264101672067,Inf,9.71272517667285,37.51467526174366,Mean,aspect_ratio
0.7589427000911919,15.32931986329041,5.289693757110535,Inf,7.7946832689314505,30.14722206965104,High,aspect_ratio
0.8854331501063906,24.42132014416099,8.289212554704378,Inf,12.555957737030079,47.49943334268285,Low,aspect_ratio
0.8854331501063906,19.429142605892288,6.591675950155728,Inf,9.992373214429643,37.7779706881821,Mean,aspect_ratio
0.8854331501063906,15.457460127942973,5.249507856069997,Inf,7.94440888835132,30.07562638892972,High,aspect_ratio
1.0119236001215892,25.091051873072075,8.387960274710618,Inf,13.030511339073852,48.314365239786504,Low,aspect_ratio
1.0119236001215892,19.77589401477012,6.608116179198988,Inf,10.273231596662256,38.06844812205765,Mean,aspect_ratio
1.0119236001215892,15.5866715377978,5.213576638248342,Inf,8.09161997075323,30.024189285372593,High,aspect_ratio
1.1384140501367879,25.77915036455221,8.49507656937899,Inf,13.513558928520625,49.17761464861902,Low,aspect_ratio
1.1384140501367879,20.128833887132814,6.630199174722045,Inf,10.554627776687136,38.387896023270294,Mean,aspect_ratio
1.1384140501367879,15.716963046730895,5.182267127826869,Inf,8.235816549511336,29.99373843835331,High,aspect_ratio
1.2649045001519865,26.48611930978501,8.611613355365524,Inf,14.004298013558586,50.09280118239264,Low,aspect_ratio
1.2649045001519865,20.488072668329163,6.658568968689146,Inf,10.83584726161509,38.73819107341042,Mean,aspect_ratio
1.2649045001519865,15.848343683465181,5.155953470775294,Inf,8.376485628847291,29.98512844625925,High,aspect_ratio
1.3913949501671852,27.212476213211016,8.738692777990163,Inf,14.501845226211525,51.06376810008399,Low,aspect_ratio
1.3913949501671852,20.85372277482331,6.6938962157527735,Inf,11.116139133469108,39.12129457428521,Mean,aspect_ratio
1.3913949501671852,15.980822552196171,5.13501393574672,Inf,8.51310646651367,29.999235936886965,High,aspect_ratio
1.5178854001823838,27.95875277134309,8.877504627563491,Inf,15.005242481889576,52.0945834412566,Low,aspect_ratio
1.5178854001823838,21.225898629373102,6.736874404095865,Inf,11.394722991857712,39.53924750486369,Mean,aspect_ratio
1.5178854001823838,16.11440883322278,5.119827486135086,Inf,8.645156664478078,30.03695388323252,High,aspect_ratio
1.6443758501975825,28.725495261970714,9.029302543085688,Inf,15.513465423206819,53.18953925092339,Low,aspect_ratio
1.6443758501975825,21.60471669683639,6.788215325597692,Inf,11.670797275652308,39.99416428253164,Mean,aspect_ratio
1.6443758501975825,16.24911178358353,5.1107699752978775,Inf,8.772118973833793,30.099185218870673,High,aspect_ratio
1.7708663002127811,29.51326494403792,9.195399019917595,Inf,16.025434121984052,54.35314893978911,Low,aspect_ratio
1.7708663002127811,21.99029552061642,6.848643871576785,Inf,11.943548843576483,40.48822535222598,Mean,aspect_ratio
1.7708663002127811,16.38494073769805,5.108210044836664,Inf,8.893488667283705,30.18683590000834,High,aspect_ratio
1.8973567502279798,30.322638468487092,9.377159302470924,Inf,16.540025891947842,55.590142947611334,Low,aspect_ratio
1.8973567502279798,22.38275575975743,6.918892264559887,Inf,12.2121636100439,41.02366881073528,Mean,aspect_ratio
1.8973567502279798,16.521905108013858,5.112504833509792,Inf,9.008781279888222,30.300807613968548,High,aspect_ratio
2.0238472002431784,31.1542083003703,9.575994312115984,Inf,17.0560899340926,56.90546300901044,Low,aspect_ratio
2.0238472002431784,22.782220226702588,6.999693880299126,Inf,12.475837949618972,41.602781356568386,Mean,aspect_ratio
2.0238472002431784,16.66001438565869,5.123995629184249,Inf,9.117540471371498,30.441990381272568,High,aspect_ratio
2.1503376502583773,32.00858315253619,9.793352828671376,Inf,17.572463407816432,58.304255451008224,Low,aspect_ratio
2.1503376502583773,23.18881392572554,7.09177685339576,Inf,12.733790509155783,42.22788893026733,Mean,aspect_ratio
2.1503376502583773,16.799278141098117,5.1430036153227094,Inf,9.219345726679835,30.611255335101898,High,aspect_ratio
2.2768281002735757,32.88638843121059,10.03071320437588,Inf,18.087988406461402,59.7918640672128,Low,aspect_ratio
2.2768281002735757,23.602664092047974,7.195857689918214,Inf,12.985274009545995,42.90134746733221,Mean,aspect_ratio
2.2768281002735757,16.939706024798774,5.16982587407373,Inf,9.3138195909998025,30.809447982425493,High,aspect_ratio
2.403318550288774,33.78826669379674,10.289574935350867,Inf,18.60152922876185,61.37382320190696,Low,aspect_ratio
2.403318550288774,24.02390023165538,7.312635127216906,Inf,13.229586586934769,43.62553421816741,Mean,aspect_ratio
2.403318550288774,17.08130776789716,5.2047318078803375,Inf,9.40063413531398,31.0373822512218,High,aspect_ratio
2.529809000303973,34.714878119230114,10.57145044130578,Inf,19.111989289284796,63.055851726992024,Low,aspect_ratio
2.529809000303973,24.452654161823176,7.442784481682678,Inf,13.46608222210811,44.40284009079237,Mean,aspect_ratio
2.529809000303973,17.224093182873858,5.247960129438754,Inf,9.479516371132098,31.295835605682043,High,aspect_ratio
2.656299450319172,35.66690099123231,10.87785740555507,Inf,19.61832700900226,64.84384859802914,Low,aspect_ratio
2.656299450319172,24.889060052366318,7.5869527080715145,Inf,13.694179839203606,45.23566343979913,Mean,aspect_ratio
2.656299450319172,17.368072164233578,5.299716545944874,Inf,9.550252378078753,31.585545466255923,High,aspect_ratio
2.7827899003343703,36.64503219481797,11.210312002915105,Inf,20.11957007430597,66.74389062985821,Low,aspect_ratio
2.7827899003343703,25.333254467625057,7.745754359872207,Inf,13.913370719720097,46.126405660407485,Mean,aspect_ratio
2.7827899003343703,17.513254689190834,5.360172229435398,Inf,9.612689972551165,31.907207106884794,High,aspect_ratio
2.9092803503495688,37.64998772641753,11.570323294421826,Inf,20.61482754581119,68.76223304072332,Low,aspect_ratio
2.9092803503495688,25.785376409199852,7.919768591773217,Inf,14.123223969748354,47.077468854724046,Mean,aspect_ratio
2.9092803503495688,17.65965081836125,5.429463123568552,Inf,9.666739824138192,32.26147312330818,High,aspect_ratio
3.0357708003647677,38.68250321798987,11.959388999679208,Inf,21.10329942832119,70.90531318537208,Low,aspect_ratio
3.0357708003647677,26.245567359449154,8.109537287114092,Inf,14.323389888758575,48.091255727109484,Mean,aspect_ratio
3.0357708003647677,17.807270696458765,5.5076900922587875,Inf,9.71237501153406,32.64895448130699,High,aspect_ratio
3.1622612503799665,39.74333447550842,12.37899277691484,Inf,21.584283467107987,73.17975774545242,Low,aspect_ratio
3.1622612503799665,26.713971325763502,8.315564330939672,Inf,14.513601206343335,49.17017174771288,Mean,aspect_ratio
3.1622612503799665,17.956124552998652,5.5949198714459465,Inf,9.749629093136857,33.07022307030805,High,aspect_ratio
3.288751700395165,40.8332580322142,12.830603055600335,Inf,22.057179097663912,75.59239348525648,Low,aspect_ratio
3.288751700395165,27.19073488562956,8.538315988853645,Inf,14.693672267670669,50.316629509104764,Mean,aspect_ratio
3.288751700395165,18.10622270300633,5.6911867459853775,Inf,9.778592841674326,33.52581561364291,High,aspect_ratio
3.4152421504103634,41.95307171704177,13.315673384903649,Inf,22.521488630786607,78.15026152797327,Low,aspect_ratio
3.4152421504103634,27.676007232498627,8.77822229866025,Inf,14.86349634880943,51.53305510077176,Mean,aspect_ratio
3.4152421504103634,18.25757554773218,5.79649484244701,Inf,9.799409850846095,34.0162387281278,High,aspect_ratio
3.5417326004255623,43.103595238633766,13.835644190246184,Inf,22.976815888984166,80.86063497539358,Low,aspect_ratio
3.5417326004255623,28.169940222473777,9.035679339878342,Inf,15.023041361767309,52.82189624780433,Mean,aspect_ratio
3.5417326004255623,18.41019357537236,5.91082090758108,Inf,9.812271261180875,34.54197488644356,High,aspect_ratio
3.668223050440761,44.285670785371,14.391945774841233,Inf,23.42286261424258,83.73103959196332,Low,aspect_ratio
3.668223050440761,28.67268842182997,9.311052218000395,Inf,15.172344261526312,54.185631907922335,Mean,aspect_ratio
3.668223050440761,18.564087361795508,6.0341174320762185,Inf,9.81740987072856,35.103489017394025,High,aspect_ratio
3.7947135004559596,45.50016364185829,14.98600236591785,Inf,23.859423036265735,86.76927720712831,Low,aspect_ratio
3.7947135004559596,29.18440915538251,9.604678586443859,Inf,15.311504492510965,55.626782996103714,Mean,aspect_ratio
3.7947135004559596,18.719267571275676,6.166315979463648,Inf,9.815093894916753,35.70123548043604,High,aspect_ratio
3.921203950471158,46.74796282231683,15.619236986671849,Inf,24.286377023946844,89.98345145848212,Low,aspect_ratio
3.921203950471158,29.70526255571871,9.916872528502324,Inf,15.44067681177172,57.147923906512624,Mean,aspect_ratio
3.921203950471158,18.875744957231323,6.307330589065465,Inf,9.805620621894318,36.335665168903134,High,aspect_ratio
4.047694400486357,48.029981721346196,16.293076933169992,Inf,24.703682244366107,93.38199549902941,Low,aspect_ratio
4.047694400486357,30.235411613307956,10.247928632065673,Inf,15.560063804959515,58.75169452292206,Mean,aspect_ratio
4.047694400486357,19.03353036297043,6.457061137567969,Inf,9.78931017916196,37.00723252689199,High,aspect_ratio
4.174184850501556,49.34715878253371,17.008959647445476,Inf,25.11136572891324,96.97370131903142,Low,aspect_ratio
4.174184850501556,30.77502222750645,10.598126108575718,Inf,15.669908374444086,60.44081244585554,Mean,aspect_ratio
4.174184850501556,19.19263472244202,6.615396563699984,Inf,9.766499588904722,37.716402303191714,High,aspect_ratio
4.300675300516755,50.70045818539904,17.768338800145006,Inf,25.50951520238984,100.76775037922235,Low,aspect_ratio
4.300675300516755,31.32426325847187,10.967732831556201,Inf,15.770486432571227,62.21808521134332,Mean,aspect_ratio
4.300675300516755,19.353069060993693,6.782217882282986,Inf,9.737537247649747,38.46365590745141,High,aspect_ratio
4.427165750531953,52.090870551178114,18.57269042450622,Inf,25.89827047551129,104.77374531034303,Low,aspect_ratio
4.427165750531953,31.88330658000478,11.357009196249955,Inf,15.862099982536597,64.08642232704013,Mean,aspect_ratio
4.427165750531953,19.514844496135716,6.957400935607612,Inf,9.702777924465876,39.24949727521693,High,aspect_ratio
4.5536562005471515,53.51941366796232,19.42351897468742,Inf,26.277815140746018,109.00174249727041,Low,aspect_ratio
4.5536562005471515,32.45232713333314,11.766211728024157,Inf,15.945070719224269,66.04884700192204,Mean,aspect_ratio
4.5536562005471515,19.677972238311483,7.140818850166671,Inf,9.662578333766925,40.0744581866484,High,aspect_ratio
4.68014665056235,54.987133235723796,20.322363212705344,Inf,26.64836875131986,113.46228542914044,Low,aspect_ratio
4.68014665056235,33.03150298185643,12.195596391485429,Inf,16.019734235999294,68.1085074924983,Mean,aspect_ratio
4.68014665056235,19.842463591674242,7.332344184240087,Inf,9.617293305754671,40.939103016784024,High,aspect_ratio
4.806637100577548,56.495103631772594,21.270801857373055,Inf,27.010179607431752,118.1664387557993,Low,aspect_ratio
4.806637100577548,33.62101536686702,12.645421573517613,Inf,16.086434883037963,70.26868802925428,Mean,aspect_ratio
4.806637100577548,20.008329954870486,7.531850766159623,Inf,9.567272550604793,41.84403292217913,High,aspect_ratio
4.933127550592747,58.044428697205845,22.27045895432375,Inf,27.3635182247966,123.12582304317549,Low,aspect_ratio
4.933127550592747,34.22104876426607,13.115950731111674,Inf,16.145521289434978,72.53281932077273,Mean,aspect_ratio
4.933127550592747,20.1755828218299,7.739215234149506,Inf,9.512857991869303,42.78988948940784,High,aspect_ratio
5.059618000607946,59.63624254492406,23.323008947762805,Inf,27.708671519827096,128.35265026445424,Low,aspect_ratio
5.059618000607946,34.83179094229135,13.607454708747099,Inf,16.197342535290716,74.904488659424,Mean,aspect_ratio
5.059618000607946,20.344233782561723,7.954318296602487,Inf,9.45438162990614,43.77735788560872,High,aspect_ratio
5.186108450623145,61.271710389807254,24.430181451831128,Inf,28.045937713375668,133.85976010001443,Low,aspect_ratio
5.186108450623145,35.45343302027548,14.12021374038114,Inf,16.242244940877963,77.38744967204124,Mean,aspect_ratio
5.186108450623145,20.51429452395795,8.177045736855243,Inf,9.392163886759494,44.80716956067608,High,aspect_ratio
5.312598900638344,62.952029401657114,25.593765732571406,Inf,28.37562193056673,139.66065714732872,Low,aspect_ratio
5.312598900638344,36.08616952845305,14.654519158189318,Inf,16.280569427044586,79.98563177237985,Mean,aspect_ratio
5.312598900638344,20.685776830603263,8.40728918941516,Inf,9.326512378931088,45.880104555714375,High,aspect_ratio
5.439089350653542,64.6784295815308,26.81561492089347,Inf,28.69803245700761,145.76954916334495,Low,aspect_ratio
5.439089350653542,36.73019846883463,15.210674834570357,Inf,16.312649393254862,82.70314938037143,Mean,aspect_ratio
5.439089350653542,20.858692585591537,8.644946715636316,Inf,9.257721062981888,46.996993473907025,High,aspect_ratio
5.565579800668741,66.45217466210747,28.09764998317362,Inf,29.013477600491935,152.2013864773096,Low,aspect_ratio
5.565579800668741,37.38572137716758,15.78899838610869,Inf,16.33880905607887,85.54431097725524,Mean,aspect_ratio
5.565579800668741,21.033053771349362,8.889923206499466,Inf,9.186069700007764,48.15871916888457,High,aspect_ratio
5.69207025068394,68.27456303274583,29.441863479781976,Inf,29.322263101061132,158.97190272273676,Low,aspect_ratio
5.69207025068394,38.05294338600267,16.389822168682205,Inf,16.35936219052071,88.51362806658628,Mean,aspect_ratio
5.69207025068394,21.208872470466392,9.142130638823367,Inf,9.111823587959979,49.366218202784076,High,aspect_ratio
5.8185607006991376,70.14692868991125,30.85032314347305,Inf,29.624690029871655,166.09765704437353,Low,aspect_ratio
5.8185607006991376,38.7320732888859,17.01349409216845,Inf,16.374611218455318,91.61582410975532,Mean,aspect_ratio
5.8185607006991376,21.38616086653256,9.40148820926535,Inf,9.035233514878676,50.62048212213252,High,aspect_ratio
5.945051150714336,72.07064221366726,32.325175309705955,Inf,29.921053117737497,173.59607794056151,Low,aspect_ratio
5.945051150714336,39.42332360569646,17.660378281625622,Inf,16.384846591875437,94.85584350177108,Mean,aspect_ratio
5.945051150714336,21.564931244982464,9.667922368131219,Inf,8.956535890851857,51.92255859498267,High,aspect_ratio
6.071541600729535,74.04711177094602,33.86864823001712,Inf,30.21163945664422,181.48550890418963,Low,aspect_ratio
6.071541600729535,40.126910649150254,18.330855609717773,Inf,16.39034642303295,98.2388606492269,Mean,aspect_ratio
6.071541600729535,21.745195993946577,9.94136677251814,Inf,8.87595302150546,53.273552447774115,High,aspect_ratio
6.198032050744734,76.0777841463329,35.483055297911314,Inf,30.496727521269666,189.78525602720345,Low,aspect_ratio
6.198032050744734,40.843054592490674,19.025324122765042,Inf,16.39137631842761,101.77028920809963,Mean,aspect_ratio
6.198032050744734,21.926967605109763,10.221762175813664,Inf,8.793693490784896,54.67462663548207,High,aspect_ratio
6.324522500759933,78.16414580111966,37.170798214644456,Inf,30.776586462058663,198.51563773489437,Low,aspect_ratio
6.324522500759933,41.571979538387424,19.74419938030843,Inf,16.38818937860474,105.4557915346254,Mean,aspect_ratio
6.324522500759933,22.110258674576958,10.509056268173419,Inf,8.709952625507535,56.12700317393739,High,aspect_ratio
6.451012950775131,80.3077239614002,38.93437011996474,Inf,31.051475626273124,207.69803681740575,Low,aspect_ratio
6.451012950775131,42.313913589064704,20.48791472561811,Inf,16.381026330626522,109.30128839823156,Mean,aspect_ratio
6.451012950775131,22.295081903745928,10.803203480368353,Inf,8.624913018526591,57.63196405888564,High,aspect_ratio
6.57750340079033,82.51008773600726,40.77635871051355,Inf,31.321644268377604,217.3549549273471,Low,aspect_ratio
6.57750340079033,43.06908891768124,21.25692150223184,Inf,16.370115764719213,113.31296900153289,Mean,aspect_ratio
6.57750340079033,22.481450100187445,11.104164761367455,Inf,8.538745091282566,59.19085219246212,High,aspect_ratio
6.703993850805529,84.77284926510713,42.69944936627539,Inf,31.587331415914026,227.51006971434035,Low,aspect_ratio
6.703993850805529,43.83774184098427,22.051689229439233,Inf,16.35567445086806,117.49730134881646,Mean,aspect_ratio
6.703993850805529,22.66937617853293,11.411907338219853,Inf,8.45160768000156,60.80507233432552,High,aspect_ratio
6.830484300820727,87.0976649002936,44.70642830328177,Inf,31.84876586153384,238.1882947698776,Low,aspect_ratio
6.830484300820727,44.62011289325984,22.872705747659854,Inf,16.33790771498526,121.86104300130995,Mean,aspect_ratio
6.830484300820727,22.85887316136923,11.726404465222798,Inf,8.363648632833776,62.47609209170273,High,aspect_ratio
6.956974750835926,89.4862364170443,46.80018576876131,Inf,32.10616625601042,249.4158425591549,Low,aspect_ratio
6.956974750835926,45.41644690160324,23.720477342909234,Inf,16.317009857695563,126.41125225485725,Mean,aspect_ratio
6.956974750835926,23.04995418014109,12.047635168000811,Inf,8.275005407831435,64.20544296004728,High,aspect_ratio
7.0834652008511245,91.94031226042837,48.98371929311379,Inf,32.359741280809445,261.2202905206179,Low,aspect_ratio
7.0834652008511245,46.22699306253265,24.595528858004915,Inf,16.293164601775235,131.15529977341606,Mean,aspect_ratio
7.0834652008511245,23.242632476061196,12.375583986959851,Inf,8.18580566387564,65.994721423851,High,aspect_ratio
7.209955650866323,94.46168882497601,51.26013701147299,Inf,32.609689882137026,273.6306505188343,Low,aspect_ratio
7.209955650866323,47.05200501997012,25.498403796826604,Inf,16.266545556867296,136.10088071001942,Mean,aspect_ratio
7.209955650866323,23.436921401027615,12.710240723600887,Inf,8.096167838515338,67.84559012534922,High,aspect_ratio
7.336446100881522,97.05221176964734,53.63266106621463,Inf,32.85620155132802,286.6774418420184,Low,aspect_ratio
7.336446100881522,47.89174094461419,26.429664426793995,Inf,16.237316692309506,141.25602734547664,Mean,aspect_ratio
7.336446100881522,23.63283441854908,13.051600192359718,Inf,8.006201708220452,69.75977910737637,High,aspect_ratio
7.462936550896721,99.71377736886294,56.104631100549355,Inf,33.09945663899721,300.392767942078,Low,aspect_ratio
7.462936550896721,48.746463614729386,27.38989188374732,Inf,16.205632810787694,146.6291222740988,Mean,aspect_ratio
7.462936550896721,23.830385104678044,13.399661979963438,Inf,7.916008927814417,71.73908713542254,High,aspect_ratio
