night,rec_a,rec_b,in_both
GRTE01 20240628,36,36,TRUE
GRTE01 20240629,87,88,TRUE
GRTE01 20240630,153,153,TRUE
GRTE01 20240701,156,156,TRUE
GRTE01 20240702,19,19,TRUE
GRTE01 20240703,57,58,TRUE
GRTE01 20240704,26,26,TRUE
GRTE01 20240705,39,39,TRUE
GRTE01 20240706,77,77,TRUE
GRTE01 20240707,74,74,TRUE
GRTE01 20240708,63,63,TRUE
GRTE01 20240709,104,104,TRUE
GRTE01 20240710,216,216,TRUE
GRTE01 20240711,174,174,TRUE
GRTE01 20240712,146,146,TRUE
GRTE01 20240713,157,157,TRUE
GRTE01 20240714,274,274,TRUE
GRTE01 20240715,133,133,TRUE
GRTE01 20240716,123,123,TRUE
GRTE01 20240717,143,143,TRUE
GRTE01 20240718,254,254,TRUE
GRTE01 20240719,254,254,TRUE
GRTE01 20240720,177,177,TRUE
GRTE01 20240721,123,123,TRUE
GRTE01 20240722,161,161,TRUE
GRTE01 20240723,200,200,TRUE
GRTE01 20240724,253,253,TRUE
GRTE01 20240725,342,342,TRUE
GRTE01 20240726,374,374,TRUE
GRTE01 20240727,224,224,TRUE
GRTE01 20240728,220,220,TRUE
GRTE01 20240729,359,359,TRUE
GRTE01 20240730,398,398,TRUE
GRTE01 20240731,173,173,TRUE
GRTE01 20240801,264,264,TRUE
GRTE01 20240802,308,308,TRUE
GRTE01 20240803,586,586,TRUE
GRTE01 20240804,961,961,TRUE
GRTE01 20240805,820,820,TRUE
GRTE01 20240806,1018,1018,TRUE
GRTE01 20240807,626,626,TRUE
GRTE01 20240808,682,682,TRUE
GRTE01 20240809,1186,1186,TRUE
GRTE01 20240810,969,970,TRUE
GRTE01 20240811,308,308,TRUE
GRTE01 20240812,334,334,TRUE
GRTE01 20240813,224,224,TRUE
GRTE01 20240814,118,118,TRUE
GRTE01 20240815,80,80,TRUE
GRTE01 20240816,343,343,TRUE
GRTE01 20240817,459,459,TRUE
GRTE01 20240818,1426,1427,TRUE
GRTE01 20240819,767,767,TRUE
GRTE01 20240820,1313,1313,TRUE
GRTE01 20240821,941,941,TRUE
GRTE01 20240822,969,969,TRUE
GRTE01 20240823,1248,1248,TRUE
GRTE01 20240824,644,644,TRUE
GRTE01 20240825,142,142,TRUE
GRTE01 20240826,183,183,TRUE
GRTE01 20240827,714,714,TRUE
GRTE01 20240828,536,536,TRUE
GRTE01 20240829,498,498,TRUE
GRTE01 20240830,528,528,TRUE
GRTE01 20240831,331,331,TRUE
GRTE01 20240901,599,599,TRUE
GRTE01 20240902,641,641,TRUE
GRTE01 20240903,478,478,TRUE
GRTE01 20240904,197,197,TRUE
GRTE01 20240905,106,106,TRUE
GRTE01 20240906,313,313,TRUE
GRTE01 20240907,186,186,TRUE
GRTE01 20240908,216,216,TRUE
GRTE01 20240909,162,162,TRUE
GRTE01 20240910,231,232,TRUE
GRTE01 20240911,247,249,TRUE
GRTE01 20240912,12,12,TRUE
GRTE03 20240611,457,457,TRUE
GRTE03 20240612,1533,1533,TRUE
GRTE03 20240613,674,674,TRUE
GRTE03 20240614,1041,1041,TRUE
GRTE03 20240615,997,997,TRUE
GRTE03 20240616,1192,1193,TRUE
GRTE03 20240617,983,983,TRUE
GRTE03 20240618,70,70,TRUE
GRTE03 20240619,310,310,TRUE
GRTE03 20240620,424,424,TRUE
GRTE03 20240621,487,487,TRUE
GRTE03 20240622,468,468,TRUE
GRTE03 20240623,374,374,TRUE
GRTE03 20240624,691,691,TRUE
GRTE03 20240625,554,554,TRUE
GRTE03 20240626,454,454,TRUE
GRTE03 20240627,944,944,TRUE
GRTE03 20240628,642,642,TRUE
GRTE03 20240629,196,196,TRUE
GRTE03 20240630,485,485,TRUE
GRTE03 20240701,583,583,TRUE
GRTE03 20240702,134,134,TRUE
GRTE03 20240703,155,155,TRUE
GRTE03 20240704,122,122,TRUE
GRTE03 20240705,192,192,TRUE
GRTE03 20240706,230,230,TRUE
GRTE03 20240707,393,393,TRUE
GRTE03 20240708,259,259,TRUE
GRTE03 20240709,231,231,TRUE
GRTE03 20240710,352,352,TRUE
GRTE03 20240711,298,298,TRUE
GRTE03 20240712,288,288,TRUE
GRTE03 20240713,260,260,TRUE
GRTE03 20240714,249,249,TRUE
GRTE03 20240715,96,96,TRUE
GRTE03 20240716,338,342,TRUE
GRTE03 20240717,283,286,TRUE
GRTE03 20240718,440,440,TRUE
GRTE03 20240719,786,786,TRUE
GRTE03 20240720,498,498,TRUE
GRTE03 20240721,444,444,TRUE
GRTE03 20240722,529,529,TRUE
GRTE03 20240723,623,623,TRUE
GRTE03 20240724,854,854,TRUE
GRTE03 20240725,755,755,TRUE
GRTE03 20240726,964,964,TRUE
GRTE03 20240727,466,466,TRUE
GRTE03 20240728,488,488,TRUE
GRTE03 20240729,798,798,TRUE
GRTE03 20240730,621,622,TRUE
GRTE03 20240731,576,576,TRUE
GRTE03 20240801,874,874,TRUE
GRTE03 20240802,1136,1136,TRUE
GRTE03 20240803,1280,1280,TRUE
GRTE03 20240804,1448,1448,TRUE
GRTE03 20240805,1191,1191,TRUE
GRTE03 20240806,1323,1323,TRUE
GRTE03 20240807,1122,1122,TRUE
GRTE03 20240808,1258,1258,TRUE
GRTE03 20240809,1578,1578,TRUE
GRTE03 20240810,1240,1241,TRUE
GRTE03 20240811,760,760,TRUE
GRTE03 20240812,1099,1099,TRUE
GRTE03 20240813,343,343,TRUE
GRTE03 20240814,400,400,TRUE
GRTE03 20240815,65,65,TRUE
GRTE03 20240816,335,335,TRUE
GRTE03 20240817,757,757,TRUE
GRTE03 20240818,883,884,TRUE
GRTE03 20240819,471,471,TRUE
GRTE03 20240820,987,987,TRUE
GRTE03 20240821,850,851,TRUE
GRTE03 20240822,574,574,TRUE
GRTE03 20240823,976,976,TRUE
GRTE03 20240824,704,704,TRUE
GRTE03 20240825,737,737,TRUE
GRTE03 20240826,346,346,TRUE
GRTE03 20240827,540,540,TRUE
GRTE03 20240828,1048,1048,TRUE
GRTE03 20240829,578,578,TRUE
GRTE03 20240830,576,576,TRUE
GRTE03 20240831,417,417,TRUE
GRTE03 20240901,481,481,TRUE
GRTE03 20240902,700,700,TRUE
GRTE03 20240903,1079,1079,TRUE
GRTE03 20240904,506,506,TRUE
GRTE03 20240905,372,372,TRUE
GRTE03 20240906,355,355,TRUE
GRTE03 20240907,302,302,TRUE
GRTE03 20240908,319,319,TRUE
GRTE03 20240909,354,354,TRUE
GRTE03 20240910,530,530,TRUE
GRTE03 20240911,375,375,TRUE
GRTE03 20240912,13,13,TRUE
GRTE05 20240611,55,55,TRUE
GRTE05 20240612,298,298,TRUE
GRTE05 20240613,138,138,TRUE
GRTE05 20240614,395,395,TRUE
GRTE05 20240615,475,475,TRUE
GRTE05 20240616,597,598,TRUE
GRTE05 20240617,285,136,TRUE
GRTE05 20240620,94,70,TRUE
GRTE05 20240621,193,193,TRUE
GRTE05 20240622,277,277,TRUE
GRTE05 20240623,255,255,TRUE
GRTE05 20240624,425,425,TRUE
GRTE05 20240625,357,357,TRUE
GRTE05 20240626,294,294,TRUE
GRTE05 20240627,475,475,TRUE
GRTE05 20240628,267,267,TRUE
GRTE05 20240629,149,149,TRUE
GRTE05 20240630,419,419,TRUE
GRTE05 20240701,787,787,TRUE
GRTE05 20240702,168,168,TRUE
GRTE05 20240703,223,223,TRUE
GRTE05 20240704,96,96,TRUE
GRTE05 20240705,150,150,TRUE
GRTE05 20240706,345,345,TRUE
GRTE05 20240707,281,281,TRUE
GRTE05 20240708,180,180,TRUE
GRTE05 20240709,268,268,TRUE
GRTE05 20240710,251,251,TRUE
GRTE05 20240711,275,275,TRUE
GRTE05 20240712,255,255,TRUE
GRTE05 20240713,263,263,TRUE
GRTE05 20240714,350,350,TRUE
GRTE05 20240715,267,267,TRUE
GRTE05 20240716,319,319,TRUE
GRTE05 20240717,275,275,TRUE
GRTE05 20240718,571,571,TRUE
GRTE05 20240719,555,555,TRUE
GRTE05 20240720,482,482,TRUE
GRTE05 20240721,420,422,TRUE
GRTE05 20240722,506,506,TRUE
GRTE05 20240723,486,486,TRUE
GRTE05 20240724,567,568,TRUE
GRTE05 20240725,663,663,TRUE
GRTE05 20240726,867,867,TRUE
GRTE05 20240727,560,560,TRUE
GRTE05 20240728,448,449,TRUE
GRTE05 20240729,556,556,TRUE
GRTE05 20240730,603,603,TRUE
GRTE05 20240731,478,478,TRUE
GRTE05 20240801,572,572,TRUE
GRTE05 20240802,551,551,TRUE
GRTE05 20240803,695,696,TRUE
GRTE05 20240804,832,833,TRUE
GRTE05 20240805,785,797,TRUE
GRTE05 20240806,1308,1308,TRUE
GRTE05 20240807,836,837,TRUE
GRTE05 20240808,942,943,TRUE
GRTE05 20240809,1597,1598,TRUE
GRTE05 20240810,1146,1151,TRUE
GRTE05 20240811,630,630,TRUE
GRTE05 20240812,1041,1044,TRUE
GRTE05 20240813,423,423,TRUE
GRTE05 20240814,160,160,TRUE
GRTE05 20240815,224,224,TRUE
GRTE05 20240816,220,220,TRUE
GRTE05 20240817,229,312,TRUE
GRTE05 20240818,153,533,TRUE
GRTE05 20240819,349,349,TRUE
GRTE05 20240820,254,254,TRUE
GRTE05 20240821,348,348,TRUE
GRTE05 20240822,405,405,TRUE
GRTE05 20240823,576,576,TRUE
GRTE05 20240824,515,515,TRUE
GRTE05 20240825,829,829,TRUE
GRTE05 20240826,106,106,TRUE
GRTE05 20240827,325,325,TRUE
GRTE05 20240828,422,422,TRUE
GRTE05 20240829,469,469,TRUE
GRTE05 20240830,590,590,TRUE
GRTE05 20240831,344,344,TRUE
GRTE05 20240901,351,351,TRUE
GRTE05 20240902,401,401,TRUE
GRTE05 20240903,409,409,TRUE
GRTE05 20240904,314,314,TRUE
GRTE05 20240905,422,422,TRUE
GRTE05 20240906,395,395,TRUE
GRTE05 20240907,543,543,TRUE
GRTE05 20240908,566,566,TRUE
GRTE05 20240909,320,320,TRUE
GRTE05 20240910,377,377,TRUE
GRTE05 20240911,480,480,TRUE
GRTE05 20240912,30,30,TRUE
GRTE06 20240611,38,38,TRUE
GRTE06 20240612,714,714,TRUE
GRTE06 20240613,39,39,TRUE
GRTE06 20240614,95,95,TRUE
GRTE06 20240615,76,76,TRUE
GRTE06 20240616,72,72,TRUE
GRTE06 20240617,102,102,TRUE
GRTE06 20240618,44,44,TRUE
GRTE06 20240619,20,20,TRUE
GRTE06 20240620,37,37,TRUE
GRTE06 20240621,73,73,TRUE
GRTE06 20240622,60,60,TRUE
GRTE06 20240623,99,99,TRUE
GRTE06 20240624,110,110,TRUE
GRTE06 20240625,92,92,TRUE
GRTE06 20240626,168,168,TRUE
GRTE06 20240627,331,331,TRUE
GRTE06 20240628,98,98,TRUE
GRTE06 20240629,94,94,TRUE
GRTE06 20240630,183,183,TRUE
GRTE06 20240701,218,218,TRUE
GRTE06 20240702,30,30,TRUE
GRTE06 20240703,56,56,TRUE
GRTE06 20240704,68,69,TRUE
GRTE06 20240705,83,83,TRUE
GRTE06 20240706,98,98,TRUE
GRTE06 20240707,120,120,TRUE
GRTE06 20240708,127,127,TRUE
GRTE06 20240709,217,217,TRUE
GRTE06 20240710,311,311,TRUE
GRTE06 20240711,153,153,TRUE
GRTE06 20240712,407,407,TRUE
GRTE06 20240713,350,350,TRUE
GRTE06 20240714,182,182,TRUE
GRTE06 20240715,226,226,TRUE
GRTE06 20240716,175,175,TRUE
GRTE06 20240717,68,68,TRUE
GRTE06 20240718,253,254,TRUE
GRTE06 20240719,381,381,TRUE
GRTE06 20240720,286,286,TRUE
GRTE06 20240721,215,215,TRUE
GRTE06 20240722,222,222,TRUE
GRTE06 20240723,318,318,TRUE
GRTE06 20240724,322,322,TRUE
GRTE06 20240725,430,431,TRUE
GRTE06 20240726,681,682,TRUE
GRTE06 20240727,210,210,TRUE
GRTE06 20240728,206,206,TRUE
GRTE06 20240729,323,323,TRUE
GRTE06 20240730,284,284,TRUE
GRTE06 20240731,315,315,TRUE
GRTE06 20240801,461,461,TRUE
GRTE06 20240802,675,675,TRUE
GRTE06 20240803,640,640,TRUE
GRTE06 20240804,877,877,TRUE
GRTE06 20240805,411,411,TRUE
GRTE06 20240806,515,515,TRUE
GRTE06 20240807,389,389,TRUE
GRTE06 20240808,655,655,TRUE
GRTE06 20240809,1181,1181,TRUE
GRTE06 20240810,599,599,TRUE
GRTE06 20240811,326,326,TRUE
GRTE06 20240812,483,483,TRUE
GRTE06 20240813,249,249,TRUE
GRTE06 20240814,59,59,TRUE
GRTE06 20240815,72,72,TRUE
GRTE06 20240816,106,106,TRUE
GRTE06 20240817,195,195,TRUE
GRTE06 20240818,283,283,TRUE
GRTE06 20240819,211,211,TRUE
GRTE06 20240820,160,162,TRUE
GRTE06 20240821,145,145,TRUE
GRTE06 20240822,166,166,TRUE
GRTE06 20240823,208,208,TRUE
GRTE06 20240824,227,227,TRUE
GRTE06 20240825,147,147,TRUE
GRTE06 20240826,66,66,TRUE
GRTE06 20240827,172,172,TRUE
GRTE06 20240828,199,199,TRUE
GRTE06 20240829,75,75,TRUE
GRTE06 20240830,227,227,TRUE
GRTE06 20240831,30,489,TRUE
GRTE08 20240711,590,147,TRUE
GRTE08 20240712,772,772,TRUE
GRTE08 20240713,1038,1059,TRUE
GRTE08 20240714,809,809,TRUE
GRTE08 20240715,371,371,TRUE
GRTE08 20240716,341,341,TRUE
GRTE08 20240717,298,298,TRUE
GRTE08 20240718,418,418,TRUE
GRTE08 20240719,609,609,TRUE
GRTE08 20240720,551,551,TRUE
GRTE08 20240721,585,585,TRUE
GRTE08 20240722,737,737,TRUE
GRTE08 20240723,739,739,TRUE
GRTE08 20240724,837,837,TRUE
GRTE08 20240725,1277,1278,TRUE
GRTE08 20240726,1229,1233,TRUE
GRTE08 20240727,562,562,TRUE
GRTE08 20240728,372,372,TRUE
GRTE08 20240729,760,760,TRUE
GRTE08 20240730,639,639,TRUE
GRTE08 20240731,505,505,TRUE
GRTE08 20240801,622,622,TRUE
GRTE08 20240802,623,623,TRUE
GRTE08 20240803,702,702,TRUE
GRTE08 20240804,1224,1224,TRUE
GRTE08 20240805,648,649,TRUE
GRTE08 20240806,757,757,TRUE
GRTE08 20240807,480,325,TRUE
GRTE09 20240611,76,76,TRUE
GRTE09 20240612,252,253,TRUE
GRTE09 20240613,65,65,TRUE
GRTE09 20240614,103,103,TRUE
GRTE09 20240615,117,117,TRUE
GRTE09 20240616,99,99,TRUE
GRTE09 20240617,80,80,TRUE
GRTE09 20240618,76,76,TRUE
GRTE09 20240619,22,22,TRUE
GRTE09 20240620,36,36,TRUE
GRTE09 20240621,127,127,TRUE
GRTE09 20240622,215,215,TRUE
GRTE09 20240623,280,280,TRUE
GRTE09 20240624,314,314,TRUE
GRTE09 20240625,371,371,TRUE
GRTE09 20240626,302,302,TRUE
GRTE09 20240627,563,563,TRUE
GRTE09 20240628,335,335,TRUE
GRTE09 20240629,181,181,TRUE
GRTE09 20240630,308,308,TRUE
GRTE09 20240701,424,425,TRUE
GRTE09 20240702,54,2,TRUE
GRTE09 20240818,398,132,TRUE
GRTE09 20240819,119,119,TRUE
GRTE09 20240820,258,258,TRUE
GRTE09 20240821,305,305,TRUE
GRTE09 20240822,297,297,TRUE
GRTE09 20240823,53,54,TRUE
GRTE09 20240824,124,124,TRUE
GRTE09 20240825,198,198,TRUE
GRTE09 20240826,159,159,TRUE
GRTE09 20240827,148,148,TRUE
GRTE09 20240828,285,285,TRUE
GRTE09 20240829,37,37,TRUE
GRTE09 20240830,82,82,TRUE
GRTE09 20240831,100,100,TRUE
GRTE09 20240901,181,181,TRUE
GRTE09 20240902,131,131,TRUE
GRTE09 20240903,156,156,TRUE
GRTE09 20240904,65,65,TRUE
GRTE09 20240905,62,62,TRUE
GRTE09 20240906,91,91,TRUE
GRTE09 20240907,74,74,TRUE
GRTE09 20240908,63,63,TRUE
GRTE09 20240909,189,189,TRUE
GRTE09 20240910,225,225,TRUE
GRTE09 20240911,26,26,TRUE
GRTE09 20240912,1,1,TRUE
GRTE10 20240611,30,30,TRUE
GRTE10 20240612,185,185,TRUE
GRTE10 20240613,195,195,TRUE
GRTE10 20240614,227,227,TRUE
GRTE10 20240615,446,446,TRUE
GRTE10 20240616,996,996,TRUE
GRTE10 20240617,328,328,TRUE
GRTE10 20240618,159,159,TRUE
GRTE10 20240619,172,172,TRUE
GRTE10 20240620,373,373,TRUE
GRTE10 20240621,495,495,TRUE
GRTE10 20240622,385,385,TRUE
GRTE10 20240623,456,456,TRUE
GRTE10 20240624,398,398,TRUE
GRTE10 20240625,552,552,TRUE
GRTE10 20240626,697,698,TRUE
GRTE10 20240627,966,967,TRUE
GRTE10 20240628,1012,1012,TRUE
GRTE10 20240629,590,591,TRUE
GRTE10 20240630,728,728,TRUE
GRTE10 20240701,1063,1063,TRUE
GRTE10 20240702,317,317,TRUE
GRTE10 20240703,620,620,TRUE
GRTE10 20240704,557,557,TRUE
GRTE10 20240705,549,549,TRUE
GRTE10 20240706,699,699,TRUE
GRTE10 20240707,860,860,TRUE
GRTE10 20240708,823,823,TRUE
GRTE10 20240709,884,884,TRUE
GRTE10 20240710,1094,1094,TRUE
GRTE10 20240711,938,938,TRUE
GRTE10 20240712,1036,1036,TRUE
GRTE10 20240713,1162,1162,TRUE
GRTE10 20240714,853,853,TRUE
GRTE10 20240715,539,539,TRUE
GRTE10 20240716,401,401,TRUE
GRTE10 20240717,476,476,TRUE
GRTE10 20240718,783,783,TRUE
GRTE10 20240719,659,660,TRUE
GRTE10 20240720,779,779,TRUE
GRTE10 20240721,927,927,TRUE
GRTE10 20240722,986,986,TRUE
GRTE10 20240723,922,922,TRUE
GRTE10 20240724,881,881,TRUE
GRTE10 20240725,1081,1084,TRUE
GRTE10 20240726,865,865,TRUE
GRTE10 20240727,877,877,TRUE
GRTE10 20240728,779,779,TRUE
GRTE10 20240729,940,940,TRUE
GRTE10 20240730,1417,1417,TRUE
GRTE10 20240731,1129,1129,TRUE
GRTE10 20240801,1161,1161,TRUE
GRTE10 20240802,207,207,TRUE
GRTE10 20240903,3,3,TRUE
GRTE10 20240904,1008,1008,TRUE
GRTE10 20240905,1334,1334,TRUE
GRTE10 20240906,1572,1572,TRUE
GRTE10 20240907,1565,1565,TRUE
GRTE10 20240908,1737,1737,TRUE
GRTE10 20240909,1762,1763,TRUE
GRTE10 20240910,1599,1599,TRUE
GRTE10 20240911,1822,1822,TRUE
GRTE10 20240912,796,796,TRUE
GRTE11 20240611,599,600,TRUE
GRTE11 20240612,1564,1564,TRUE
GRTE11 20240613,970,970,TRUE
GRTE11 20240614,1469,1470,TRUE
GRTE11 20240615,1203,1206,TRUE
GRTE11 20240616,1613,1614,TRUE
GRTE11 20240617,553,553,TRUE
GRTE11 20240618,35,35,TRUE
GRTE11 20240619,392,392,TRUE
GRTE11 20240620,496,496,TRUE
GRTE11 20240621,332,332,TRUE
GRTE11 20240622,650,650,TRUE
GRTE11 20240623,936,937,TRUE
GRTE11 20240624,524,525,TRUE
GRTE11 20240625,441,445,TRUE
GRTE11 20240626,271,271,TRUE
GRTE11 20240627,691,693,TRUE
GRTE11 20240628,130,132,TRUE
GRTE11 20240629,179,179,TRUE
GRTE11 20240630,469,469,TRUE
GRTE11 20240701,630,631,TRUE
GRTE11 20240702,85,86,TRUE
GRTE11 20240703,79,79,TRUE
GRTE11 20240704,94,94,TRUE
GRTE11 20240705,127,127,TRUE
GRTE11 20240706,98,98,TRUE
GRTE11 20240707,117,117,TRUE
GRTE11 20240708,70,70,TRUE
GRTE11 20240709,187,187,TRUE
GRTE11 20240710,340,340,TRUE
GRTE11 20240711,244,244,TRUE
GRTE11 20240712,288,288,TRUE
GRTE11 20240713,212,212,TRUE
GRTE11 20240714,208,208,TRUE
GRTE11 20240715,101,101,TRUE
GRTE11 20240716,167,167,TRUE
GRTE11 20240717,183,183,TRUE
GRTE11 20240718,275,276,TRUE
GRTE11 20240719,309,309,TRUE
GRTE11 20240720,501,501,TRUE
GRTE11 20240721,259,259,TRUE
GRTE11 20240722,321,321,TRUE
GRTE11 20240723,406,406,TRUE
GRTE11 20240724,277,277,TRUE
GRTE11 20240725,285,286,TRUE
GRTE11 20240726,646,173,TRUE
GRTE12 20240611,72,72,TRUE
GRTE12 20240612,155,155,TRUE
GRTE12 20240613,86,86,TRUE
GRTE12 20240614,141,141,TRUE
GRTE12 20240615,446,447,TRUE
GRTE12 20240616,841,843,TRUE
GRTE12 20240617,275,275,TRUE
GRTE12 20240618,305,311,TRUE
GRTE12 20240619,38,38,TRUE
GRTE12 20240620,119,122,TRUE
GRTE12 20240621,362,363,TRUE
GRTE12 20240622,262,265,TRUE
GRTE12 20240623,129,130,TRUE
GRTE12 20240624,143,143,TRUE
GRTE12 20240625,116,116,TRUE
GRTE12 20240626,375,52,TRUE
GRTE12 20240902,896,733,TRUE
GRTE12 20240903,1781,1781,TRUE
GRTE12 20240904,776,776,TRUE
GRTE12 20240905,596,596,TRUE
GRTE12 20240906,314,314,TRUE
GRTE12 20240907,118,118,TRUE
GRTE12 20240908,76,76,TRUE
GRTE12 20240909,670,401,TRUE
AMKBOAT 20230702,0,194,FALSE
AMKBOAT 20230703,0,396,FALSE
AMKBOAT 20230704,0,479,FALSE
AMKBOAT 20230705,0,282,FALSE
AMKBOAT 20230706,0,53,FALSE
AMKBOAT 20230707,0,275,FALSE
AMKBOAT 20230708,0,313,FALSE
AMKBOAT 20230709,0,182,FALSE
AMKBOAT 20230710,0,350,FALSE
AMKBOAT 20230711,0,596,FALSE
AMKBOAT 20230712,0,303,FALSE
AMKBOAT 20230713,0,353,FALSE
AMKBOAT 20230714,0,274,FALSE
AMKBOAT 20230716,0,250,FALSE
AMKBOAT 20230717,0,553,FALSE
AMKBOAT 20230718,0,258,FALSE
AMKBOAT 20230719,0,380,FALSE
AMKBOAT 20230720,0,400,FALSE
AMKBOAT 20230721,0,634,FALSE
AMKBOAT 20230722,0,370,FALSE
AMKBOAT 20230723,0,311,FALSE
AMKBOAT 20230724,0,325,FALSE
AMKBOAT 20230725,0,174,FALSE
AMKBOAT 20230726,0,381,FALSE
AMKBOAT 20230727,0,661,FALSE
AMKBOAT 20230728,0,683,FALSE
AMKBOAT 20230729,0,622,FALSE
AMKBOAT 20230730,0,598,FALSE
AMKBOAT 20230731,0,848,FALSE
AMKBOAT 20230801,0,1126,FALSE
AMKBOAT 20230802,0,895,FALSE
AMKBOAT 20230803,0,392,FALSE
AMKBOAT 20230804,0,99,FALSE
AMKBOAT 20230805,0,451,FALSE
AMKBOAT 20230806,0,855,FALSE
AMKBOAT 20230807,0,336,FALSE
AMKBOAT 20230808,0,392,FALSE
AMKBOAT 20230809,0,686,FALSE
AMKBOAT 20230810,0,1392,FALSE
AMKBOAT 20230811,0,1148,FALSE
AMKBOAT 20230812,0,799,FALSE
AMKBOAT 20230813,0,1459,FALSE
AMKBOAT 20230814,0,971,FALSE
AMKBOAT 20230815,0,881,FALSE
AMKBOAT 20230816,0,852,FALSE
AMKBOAT 20230817,0,154,FALSE
AMKBOAT 20230818,0,577,FALSE
AMKBOAT 20230819,0,1272,FALSE
AMKBOAT 20230820,0,867,FALSE
AMKBOAT 20230821,0,220,FALSE
AMKBOAT 20230822,0,643,FALSE
AMKBOAT 20230823,0,537,FALSE
AMKBOAT 20230824,0,501,FALSE
AMKBOAT 20230825,0,701,FALSE
AMKBOAT 20230826,0,829,FALSE
AMKBOAT 20230827,0,916,FALSE
AMKBOAT 20230828,0,455,FALSE
AMKBOAT 20230829,0,688,FALSE
AMKBOAT 20230830,0,1678,FALSE
AMKBOAT 20230831,0,377,FALSE
AMKBOAT 20230901,0,1020,FALSE
AMKBOAT 20230902,0,390,FALSE
AMKBOAT 20230903,0,144,FALSE
AMKBOAT 20230904,0,82,FALSE
AMKBOAT 20230905,0,241,FALSE
AMKBOAT 20230906,0,480,FALSE
AMKBOAT 20230907,0,450,FALSE
AMKBOAT 20230908,0,452,FALSE
AMKBOAT 20230909,0,536,FALSE
AMKBOAT 20230910,0,440,FALSE
AMKBOAT 20230911,0,267,FALSE
AMKBOAT 20230912,0,361,FALSE
AMKBOAT 20230913,0,252,FALSE
AMKBOAT 20230914,0,10,FALSE
AMPH11 20230701,0,9,FALSE
AMPH11 20230702,0,77,FALSE
AMPH11 20230703,0,139,FALSE
AMPH11 20230704,0,68,FALSE
AMPH11 20230705,0,49,FALSE
AMPH11 20230706,0,44,FALSE
AMPH11 20230707,0,85,FALSE
AMPH11 20230708,0,126,FALSE
AMPH11 20230709,0,136,FALSE
AMPH11 20230710,0,512,FALSE
AMPH11 20230711,0,938,FALSE
AMPH11 20230712,0,1024,FALSE
AMPH11 20230713,0,289,FALSE
AMPH11 20230714,0,355,FALSE
AMPH11 20230715,0,145,FALSE
AMPH11 20230716,0,214,FALSE
AMPH11 20230717,0,237,FALSE
AMPH11 20230718,0,378,FALSE
AMPH11 20230719,0,195,FALSE
AMPH11 20230720,0,214,FALSE
AMPH11 20230721,0,272,FALSE
AMPH11 20230722,0,171,FALSE
AMPH11 20230723,0,142,FALSE
AMPH11 20230724,0,327,FALSE
AMPH11 20230725,0,106,FALSE
AMPH11 20230726,0,131,FALSE
AMPH11 20230727,0,298,FALSE
AMPH11 20230728,0,252,FALSE
AMPH11 20230729,0,129,FALSE
AMPH11 20230730,0,284,FALSE
AMPH11 20230731,0,308,FALSE
AMPH11 20230801,0,275,FALSE
AMPH11 20230802,0,519,FALSE
AMPH11 20230803,0,299,FALSE
AMPH11 20230804,0,309,FALSE
AMPH11 20230805,0,177,FALSE
AMPH11 20230806,0,139,FALSE
AMPH11 20230807,0,89,FALSE
AMPH11 20230808,0,128,FALSE
AMPH11 20230809,0,209,FALSE
AMPH11 20230810,0,398,FALSE
AMPH11 20230811,0,556,FALSE
AMPH11 20230812,0,155,FALSE
AMPH11 20230813,0,195,FALSE
AMPH11 20230814,0,140,FALSE
AMPH11 20230815,0,410,FALSE
AMPH11 20230816,0,515,FALSE
AMPH11 20230817,0,920,FALSE
AMPH11 20230818,0,675,FALSE
AMPH11 20230819,0,421,FALSE
AMPH11 20230820,0,387,FALSE
AMPH11 20230821,0,518,FALSE
AMPH11 20230822,0,411,FALSE
AMPH11 20230823,0,330,FALSE
AMPH11 20230824,0,87,FALSE
AMPH11 20230825,0,176,FALSE
AMPH11 20230826,0,492,FALSE
AMPH11 20230827,0,196,FALSE
AMPH11 20230828,0,105,FALSE
AMPH11 20230829,0,477,FALSE
AMPH11 20230830,0,368,FALSE
AMPH11 20230831,0,75,FALSE
AMPH11 20230901,0,158,FALSE
AMPH11 20230902,0,103,FALSE
AMPH11 20230903,0,356,FALSE
AMPH11 20230904,0,19,FALSE
AMPH11 20230905,0,135,FALSE
AMPH11 20230906,0,97,FALSE
AMPH11 20230907,0,92,FALSE
AMPH11 20230908,0,177,FALSE
AMPH11 20230909,0,156,FALSE
AMPH11 20230910,0,161,FALSE
AMPH11 20230911,0,144,FALSE
AMPH11 20230912,0,69,FALSE
AMPH11 20230913,0,89,FALSE
AMPH11 20230914,0,10,FALSE
GRTE05 20240618,126,0,FALSE
GRTE05 20240619,153,0,FALSE
GRTE06 20240901,0,446,FALSE
GRTE06 20240902,0,345,FALSE
GRTE06 20240903,0,849,FALSE
GRTE06 20240904,0,96,FALSE
GRTE06 20240905,0,165,FALSE
GRTE06 20240906,0,126,FALSE
GRTE06 20240907,0,155,FALSE
GRTE06 20240908,0,184,FALSE
GRTE06 20240909,0,167,FALSE
GRTE06 20240910,0,323,FALSE
GRTE06 20240911,0,496,FALSE
GRTE06 20240912,0,3,FALSE
GRTE07 20240611,0,207,FALSE
GRTE07 20240612,0,567,FALSE
GRTE07 20240613,0,301,FALSE
GRTE07 20240614,0,579,FALSE
GRTE07 20240615,0,440,FALSE
GRTE07 20240616,0,444,FALSE
GRTE07 20240617,0,414,FALSE
GRTE07 20240618,0,174,FALSE
GRTE07 20240619,0,168,FALSE
GRTE07 20240620,0,166,FALSE
GRTE07 20240621,0,411,FALSE
GRTE07 20240622,0,425,FALSE
GRTE07 20240623,0,559,FALSE
GRTE07 20240624,0,604,FALSE
GRTE07 20240625,0,524,FALSE
GRTE07 20240626,0,605,FALSE
GRTE07 20240627,0,989,FALSE
GRTE07 20240628,0,558,FALSE
GRTE07 20240629,0,353,FALSE
GRTE07 20240630,0,967,FALSE
GRTE07 20240701,0,1205,FALSE
GRTE07 20240702,0,514,FALSE
GRTE07 20240703,0,516,FALSE
GRTE07 20240704,0,375,FALSE
GRTE07 20240705,0,401,FALSE
GRTE07 20240706,0,660,FALSE
GRTE07 20240707,0,775,FALSE
GRTE07 20240708,0,583,FALSE
GRTE07 20240709,0,776,FALSE
GRTE07 20240710,0,809,FALSE
GRTE07 20240711,0,829,FALSE
GRTE07 20240712,0,953,FALSE
GRTE07 20240713,0,907,FALSE
GRTE07 20240714,0,1179,FALSE
GRTE07 20240715,0,897,FALSE
GRTE07 20240716,0,850,FALSE
GRTE07 20240717,0,986,FALSE
GRTE07 20240718,0,1261,FALSE
GRTE07 20240719,0,1716,FALSE
GRTE07 20240720,0,1632,FALSE
GRTE07 20240721,0,1619,FALSE
GRTE07 20240722,0,1634,FALSE
GRTE07 20240723,0,1724,FALSE
GRTE07 20240724,0,1731,FALSE
GRTE07 20240725,0,1654,FALSE
GRTE07 20240726,0,1857,FALSE
GRTE07 20240727,0,1658,FALSE
GRTE07 20240728,0,1734,FALSE
GRTE07 20240729,0,1825,FALSE
GRTE07 20240730,0,1699,FALSE
GRTE07 20240731,0,1660,FALSE
GRTE07 20240801,0,1748,FALSE
GRTE07 20240802,0,1983,FALSE
GRTE07 20240803,0,1874,FALSE
GRTE07 20240804,0,1907,FALSE
GRTE07 20240805,0,1880,FALSE
GRTE07 20240806,0,1918,FALSE
GRTE07 20240807,0,1513,FALSE
GRTE07 20240808,0,1415,FALSE
GRTE07 20240809,0,1345,FALSE
GRTE07 20240810,0,945,FALSE
GRTE07 20240811,0,486,FALSE
GRTE07 20240812,0,661,FALSE
GRTE07 20240813,0,501,FALSE
GRTE07 20240814,0,443,FALSE
GRTE07 20240815,0,281,FALSE
GRTE07 20240816,0,275,FALSE
GRTE07 20240817,0,471,FALSE
GRTE07 20240818,0,425,FALSE
GRTE07 20240819,0,290,FALSE
GRTE07 20240820,0,252,FALSE
GRTE07 20240821,0,318,FALSE
GRTE07 20240822,0,300,FALSE
GRTE07 20240823,0,391,FALSE
GRTE07 20240824,0,465,FALSE
GRTE07 20240825,0,323,FALSE
GRTE07 20240826,0,235,FALSE
GRTE07 20240827,0,315,FALSE
GRTE07 20240828,0,283,FALSE
GRTE07 20240829,0,135,FALSE
GRTE07 20240830,0,188,FALSE
GRTE07 20240831,0,408,FALSE
GRTE07 20240901,0,212,FALSE
GRTE07 20240902,0,258,FALSE
GRTE07 20240903,0,493,FALSE
GRTE07 20240904,0,174,FALSE
GRTE07 20240905,0,166,FALSE
GRTE07 20240906,0,190,FALSE
GRTE07 20240907,0,52,FALSE
GRTE08 20240611,36,0,FALSE
GRTE08 20240612,100,0,FALSE
GRTE08 20240613,92,0,FALSE
GRTE08 20240614,131,0,FALSE
GRTE08 20240615,214,0,FALSE
GRTE08 20240616,185,0,FALSE
GRTE08 20240617,398,0,FALSE
GRTE08 20240618,385,0,FALSE
GRTE08 20240619,153,0,FALSE
GRTE08 20240620,249,0,FALSE
GRTE08 20240621,409,0,FALSE
GRTE08 20240622,464,0,FALSE
GRTE08 20240623,147,0,FALSE
GRTE08 20240624,154,0,FALSE
GRTE08 20240625,208,0,FALSE
GRTE08 20240626,189,0,FALSE
GRTE08 20240627,275,0,FALSE
GRTE08 20240628,225,0,FALSE
GRTE08 20240629,278,0,FALSE
GRTE08 20240630,382,0,FALSE
GRTE08 20240701,569,0,FALSE
GRTE08 20240702,249,0,FALSE
GRTE08 20240703,365,0,FALSE
GRTE08 20240704,318,0,FALSE
GRTE08 20240705,267,0,FALSE
GRTE08 20240706,307,0,FALSE
GRTE08 20240707,309,0,FALSE
GRTE08 20240708,249,0,FALSE
GRTE08 20240709,280,0,FALSE
GRTE08 20240710,574,0,FALSE
GRTE08 20240808,814,0,FALSE
GRTE08 20240809,1237,0,FALSE
GRTE08 20240810,556,0,FALSE
GRTE08 20240811,291,0,FALSE
GRTE08 20240812,419,0,FALSE
GRTE08 20240813,374,0,FALSE
GRTE08 20240814,248,0,FALSE
GRTE08 20240815,153,0,FALSE
GRTE08 20240816,248,0,FALSE
GRTE08 20240817,300,0,FALSE
GRTE08 20240818,280,0,FALSE
GRTE08 20240819,110,0,FALSE
GRTE08 20240820,169,0,FALSE
GRTE08 20240821,215,0,FALSE
GRTE08 20240822,200,0,FALSE
GRTE08 20240823,245,0,FALSE
GRTE08 20240824,369,0,FALSE
GRTE08 20240825,241,0,FALSE
GRTE08 20240826,122,0,FALSE
GRTE08 20240827,144,0,FALSE
GRTE08 20240828,257,0,FALSE
GRTE08 20240829,143,0,FALSE
GRTE08 20240830,162,0,FALSE
GRTE08 20240831,457,0,FALSE
GRTE08 20240901,162,0,FALSE
GRTE08 20240902,191,0,FALSE
GRTE08 20240903,188,0,FALSE
GRTE08 20240904,128,0,FALSE
GRTE08 20240905,104,0,FALSE
GRTE08 20240906,110,0,FALSE
GRTE08 20240907,189,0,FALSE
GRTE08 20240908,161,0,FALSE
GRTE08 20240909,78,0,FALSE
GRTE08 20240910,167,0,FALSE
GRTE08 20240911,105,0,FALSE
GRTE08 20240912,5,0,FALSE
GRTE09 20240703,147,0,FALSE
GRTE09 20240704,141,0,FALSE
GRTE09 20240705,220,0,FALSE
GRTE09 20240706,296,0,FALSE
GRTE09 20240707,285,0,FALSE
GRTE09 20240708,261,0,FALSE
GRTE09 20240709,402,0,FALSE
GRTE09 20240710,427,0,FALSE
GRTE09 20240711,506,0,FALSE
GRTE09 20240712,509,0,FALSE
GRTE09 20240713,474,0,FALSE
GRTE09 20240714,238,0,FALSE
GRTE09 20240715,140,0,FALSE
GRTE09 20240716,320,0,FALSE
GRTE09 20240717,315,0,FALSE
GRTE09 20240718,691,0,FALSE
GRTE09 20240719,446,0,FALSE
GRTE09 20240720,383,0,FALSE
GRTE09 20240721,365,0,FALSE
GRTE09 20240722,384,0,FALSE
GRTE09 20240723,471,0,FALSE
GRTE09 20240724,343,0,FALSE
GRTE09 20240725,756,0,FALSE
GRTE09 20240726,688,0,FALSE
GRTE09 20240727,346,0,FALSE
GRTE09 20240728,109,0,FALSE
GRTE09 20240729,335,0,FALSE
GRTE09 20240730,488,0,FALSE
GRTE09 20240731,196,0,FALSE
GRTE09 20240801,301,0,FALSE
GRTE09 20240802,375,0,FALSE
GRTE09 20240803,489,0,FALSE
GRTE09 20240804,774,0,FALSE
GRTE09 20240805,582,0,FALSE
GRTE09 20240806,592,0,FALSE
GRTE09 20240807,509,0,FALSE
GRTE09 20240808,462,0,FALSE
GRTE09 20240809,755,0,FALSE
GRTE09 20240810,530,0,FALSE
GRTE09 20240811,440,0,FALSE
GRTE09 20240812,716,0,FALSE
GRTE09 20240813,531,0,FALSE
GRTE09 20240814,188,0,FALSE
GRTE09 20240815,37,0,FALSE
GRTE09 20240816,71,0,FALSE
GRTE09 20240817,386,0,FALSE
GRTE11 20240727,305,0,FALSE
GRTE11 20240728,313,0,FALSE
GRTE11 20240729,260,0,FALSE
GRTE11 20240730,377,0,FALSE
GRTE11 20240731,151,0,FALSE
GRTE11 20240801,270,0,FALSE
GRTE11 20240802,657,0,FALSE
GRTE11 20240803,737,0,FALSE
GRTE11 20240804,848,0,FALSE
GRTE11 20240805,389,0,FALSE
GRTE11 20240806,240,0,FALSE
GRTE11 20240807,437,0,FALSE
GRTE11 20240808,474,0,FALSE
GRTE11 20240809,831,0,FALSE
GRTE11 20240810,540,0,FALSE
GRTE11 20240811,663,0,FALSE
GRTE11 20240812,666,0,FALSE
GRTE11 20240813,665,0,FALSE
GRTE11 20240814,149,0,FALSE
GRTE11 20240815,82,0,FALSE
GRTE11 20240816,403,0,FALSE
GRTE11 20240817,435,0,FALSE
GRTE11 20240818,258,0,FALSE
GRTE11 20240819,419,0,FALSE
GRTE11 20240820,196,0,FALSE
GRTE11 20240821,182,0,FALSE
GRTE11 20240822,217,0,FALSE
GRTE11 20240823,229,0,FALSE
GRTE11 20240824,303,0,FALSE
GRTE11 20240825,139,0,FALSE
GRTE12 20240627,1216,0,FALSE
GRTE12 20240628,607,0,FALSE
GRTE12 20240629,379,0,FALSE
GRTE12 20240630,729,0,FALSE
GRTE12 20240701,1090,0,FALSE
GRTE12 20240702,123,0,FALSE
GRTE12 20240703,266,0,FALSE
GRTE12 20240704,189,0,FALSE
GRTE12 20240705,269,0,FALSE
GRTE12 20240706,442,0,FALSE
GRTE12 20240707,727,0,FALSE
GRTE12 20240708,262,0,FALSE
GRTE12 20240709,236,0,FALSE
GRTE12 20240710,184,0,FALSE
GRTE12 20240711,367,0,FALSE
GRTE12 20240712,466,0,FALSE
GRTE12 20240713,716,0,FALSE
GRTE12 20240714,789,0,FALSE
GRTE12 20240715,556,0,FALSE
GRTE12 20240716,297,0,FALSE
GRTE12 20240717,283,0,FALSE
GRTE12 20240718,561,0,FALSE
GRTE12 20240719,661,0,FALSE
GRTE12 20240720,347,0,FALSE
GRTE12 20240721,297,0,FALSE
GRTE12 20240722,264,0,FALSE
GRTE12 20240723,385,0,FALSE
GRTE12 20240724,267,0,FALSE
GRTE12 20240725,369,0,FALSE
GRTE12 20240726,803,0,FALSE
GRTE12 20240727,682,0,FALSE
GRTE12 20240728,629,0,FALSE
GRTE12 20240729,402,0,FALSE
GRTE12 20240730,656,0,FALSE
GRTE12 20240731,344,0,FALSE
GRTE12 20240801,355,0,FALSE
GRTE12 20240802,358,0,FALSE
GRTE12 20240803,947,0,FALSE
GRTE12 20240804,1231,0,FALSE
GRTE12 20240805,809,0,FALSE
GRTE12 20240806,1220,0,FALSE
GRTE12 20240807,609,0,FALSE
GRTE12 20240808,186,0,FALSE
GRTE12 20240809,233,0,FALSE
GRTE12 20240810,433,0,FALSE
GRTE12 20240811,598,0,FALSE
GRTE12 20240812,895,0,FALSE
GRTE12 20240813,973,0,FALSE
GRTE12 20240814,262,0,FALSE
GRTE12 20240815,224,0,FALSE
GRTE12 20240816,501,0,FALSE
GRTE12 20240817,498,0,FALSE
GRTE12 20240818,422,0,FALSE
GRTE12 20240819,377,0,FALSE
GRTE12 20240820,249,0,FALSE
GRTE12 20240821,473,0,FALSE
GRTE12 20240822,115,0,FALSE
GRTE12 20240823,183,0,FALSE
GRTE12 20240824,184,0,FALSE
GRTE12 20240825,477,0,FALSE
GRTE12 20240826,106,0,FALSE
GRTE12 20240827,510,0,FALSE
GRTE12 20240828,673,0,FALSE
GRTE12 20240829,277,0,FALSE
GRTE12 20240830,507,0,FALSE
GRTE12 20240831,461,0,FALSE
GRTE12 20240901,932,0,FALSE
GRTE12 20240910,487,0,FALSE
GRTE12 20240911,893,0,FALSE
GRTE12 20240912,94,0,FALSE
GRTE13 20240611,131,0,FALSE
GRTE13 20240612,285,0,FALSE
GRTE13 20240613,89,0,FALSE
GRTE13 20240614,149,0,FALSE
GRTE13 20240615,459,0,FALSE
GRTE13 20240616,275,0,FALSE
GRTE13 20240617,53,0,FALSE
GRTE13 20240618,31,0,FALSE
GRTE13 20240619,45,0,FALSE
GRTE13 20240620,85,0,FALSE
GRTE13 20240621,238,0,FALSE
GRTE13 20240622,227,0,FALSE
GRTE13 20240623,485,0,FALSE
GRTE13 20240624,675,0,FALSE
GRTE13 20240625,793,0,FALSE
GRTE13 20240626,670,0,FALSE
GRTE13 20240627,417,0,FALSE
GRTE13 20240628,356,0,FALSE
GRTE13 20240629,508,0,FALSE
GRTE13 20240630,852,0,FALSE
GRTE13 20240701,568,0,FALSE
GRTE13 20240702,387,0,FALSE
GRTE13 20240703,570,0,FALSE
GRTE13 20240704,680,0,FALSE
GRTE13 20240705,468,0,FALSE
GRTE13 20240706,451,0,FALSE
GRTE13 20240707,410,0,FALSE
GRTE13 20240708,547,0,FALSE
GRTE13 20240709,764,0,FALSE
GRTE13 20240710,1004,0,FALSE
GRTE13 20240711,883,0,FALSE
GRTE13 20240712,587,0,FALSE
GRTE13 20240713,530,0,FALSE
GRTE13 20240714,356,0,FALSE
GRTE13 20240715,355,0,FALSE
GRTE13 20240716,626,0,FALSE
GRTE13 20240717,525,0,FALSE
GRTE13 20240718,722,0,FALSE
GRTE13 20240719,931,0,FALSE
GRTE13 20240720,537,0,FALSE
GRTE13 20240721,360,0,FALSE
GRTE13 20240722,440,0,FALSE
GRTE13 20240723,328,0,FALSE
GRTE13 20240724,312,0,FALSE
GRTE13 20240725,720,0,FALSE
GRTE13 20240726,698,0,FALSE
GRTE13 20240727,394,0,FALSE
GRTE13 20240728,337,0,FALSE
GRTE13 20240729,403,0,FALSE
GRTE13 20240730,588,0,FALSE
GRTE13 20240731,479,0,FALSE
GRTE13 20240801,657,0,FALSE
GRTE13 20240802,917,0,FALSE
GRTE13 20240803,1069,0,FALSE
GRTE13 20240804,1105,0,FALSE
GRTE13 20240805,1112,0,FALSE
GRTE13 20240806,1356,0,FALSE
GRTE13 20240807,1110,0,FALSE
GRTE13 20240808,1215,0,FALSE
GRTE13 20240809,1531,0,FALSE
GRTE13 20240810,1235,0,FALSE
GRTE13 20240811,402,0,FALSE
GRTE13 20240812,400,0,FALSE
GRTE13 20240813,290,0,FALSE
GRTE13 20240814,161,0,FALSE
GRTE13 20240815,46,0,FALSE
GRTE13 20240816,286,0,FALSE
GRTE13 20240817,394,0,FALSE
GRTE13 20240818,846,0,FALSE
GRTE13 20240819,491,0,FALSE
GRTE13 20240820,664,0,FALSE
GRTE13 20240821,445,0,FALSE
GRTE13 20240822,574,0,FALSE
GRTE13 20240823,920,0,FALSE
GRTE13 20240824,747,0,FALSE
GRTE13 20240825,878,0,FALSE
GRTE13 20240826,125,0,FALSE
GRTE13 20240827,219,0,FALSE
GRTE13 20240828,323,0,FALSE
GRTE13 20240829,321,0,FALSE
GRTE13 20240830,623,0,FALSE
GRTE13 20240831,742,0,FALSE
GRTE13 20240901,1248,0,FALSE
GRTE13 20240902,863,0,FALSE
GRTE13 20240903,1672,0,FALSE
GRTE13 20240904,712,0,FALSE
GRTE13 20240905,812,0,FALSE
GRTE13 20240906,819,0,FALSE
GRTE13 20240907,805,0,FALSE
GRTE13 20240908,682,0,FALSE
GRTE13 20240909,372,0,FALSE
GRTE13 20240910,358,0,FALSE
GRTE13 20240911,203,0,FALSE
GRTE13 20240912,1,0,FALSE
JACKS6 20230701,0,29,FALSE
JACKS6 20230702,0,51,FALSE
JACKS6 20230703,0,116,FALSE
JACKS6 20230704,0,161,FALSE
JACKS6 20230705,0,113,FALSE
JACKS6 20230706,0,109,FALSE
JACKS6 20230707,0,161,FALSE
JACKS6 20230708,0,220,FALSE
JACKS6 20230709,0,300,FALSE
JACKS6 20230710,0,317,FALSE
JACKS6 20230711,0,388,FALSE
JACKS6 20230712,0,171,FALSE
JACKS6 20230713,0,394,FALSE
JACKS6 20230714,0,618,FALSE
JACKS6 20230715,0,372,FALSE
JACKS6 20230716,0,557,FALSE
JACKS6 20230717,0,678,FALSE
JACKS6 20230718,0,889,FALSE
JACKS6 20230719,0,516,FALSE
JACKS6 20230720,0,695,FALSE
JACKS6 20230721,0,1011,FALSE
JACKS6 20230722,0,797,FALSE
JACKS6 20230723,0,671,FALSE
JACKS6 20230724,0,762,FALSE
JACKS6 20230725,0,194,FALSE
JACKS6 20230726,0,237,FALSE
JACKS6 20230727,0,579,FALSE
JACKS6 20230728,0,314,FALSE
JACKS6 20230729,0,333,FALSE
JACKS6 20230730,0,367,FALSE
JACKS6 20230731,0,524,FALSE
JACKS6 20230801,0,300,FALSE
JACKS6 20230802,0,389,FALSE
JACKS6 20230803,0,129,FALSE
JACKS6 20230804,0,71,FALSE
JACKS6 20230805,0,130,FALSE
JACKS6 20230806,0,94,FALSE
JACKS6 20230807,0,115,FALSE
JACKS6 20230808,0,99,FALSE
JACKS6 20230809,0,140,FALSE
JACKS6 20230810,0,315,FALSE
JACKS6 20230811,0,412,FALSE
JACKS6 20230812,0,401,FALSE
JACKS6 20230813,0,419,FALSE
JACKS6 20230814,0,279,FALSE
JACKS6 20230815,0,415,FALSE
JACKS6 20230816,0,375,FALSE
JACKS6 20230817,0,460,FALSE
JACKS6 20230818,0,344,FALSE
JACKS6 20230819,0,192,FALSE
JACKS6 20230821,0,294,FALSE
JACKS6 20230822,0,534,FALSE
JACKS6 20230823,0,155,FALSE
JACKS6 20230824,0,170,FALSE
JACKS6 20230825,0,358,FALSE
JACKS6 20230826,0,744,FALSE
JACKS6 20230827,0,430,FALSE
JACKS6 20230828,0,82,FALSE
JACKS6 20230829,0,179,FALSE
JACKS6 20230830,0,399,FALSE
JACKS6 20230831,0,57,FALSE
JACKS6 20230901,0,212,FALSE
JACKS6 20230902,0,62,FALSE
JACKS6 20230903,0,85,FALSE
JACKS6 20230904,0,18,FALSE
JACKS6 20230905,0,52,FALSE
JACKS6 20230906,0,183,FALSE
JACKS6 20230907,0,230,FALSE
JACKS6 20230908,0,122,FALSE
JACKS6 20230909,0,101,FALSE
JACKS6 20230910,0,361,FALSE
JACKS6 20230911,0,264,FALSE
JACKS6 20230912,0,286,FALSE
JACKS6 20230913,0,63,FALSE
JACKS6 20230914,0,4,FALSE
LEEKS5 20230701,0,34,FALSE
LEEKS5 20230702,0,105,FALSE
LEEKS5 20230703,0,331,FALSE
LEEKS5 20230704,0,190,FALSE
LEEKS5 20230705,0,133,FALSE
LEEKS5 20230706,0,543,FALSE
LEEKS5 20230707,0,360,FALSE
LEEKS5 20230708,0,242,FALSE
LEEKS5 20230709,0,120,FALSE
LEEKS5 20230710,0,327,FALSE
LEEKS5 20230711,0,733,FALSE
LEEKS5 20230712,0,426,FALSE
LEEKS5 20230713,0,505,FALSE
LEEKS5 20230714,0,970,FALSE
LEEKS5 20230715,0,577,FALSE
LEEKS5 20230716,0,436,FALSE
LEEKS5 20230717,0,712,FALSE
LEEKS5 20230718,0,1156,FALSE
LEEKS5 20230719,0,751,FALSE
LEEKS5 20230720,0,606,FALSE
LEEKS5 20230721,0,875,FALSE
LEEKS5 20230722,0,584,FALSE
LEEKS5 20230723,0,638,FALSE
LEEKS5 20230724,0,795,FALSE
LEEKS5 20230725,0,552,FALSE
LEEKS5 20230726,0,308,FALSE
LEEKS5 20230727,0,534,FALSE
LEEKS5 20230728,0,74,FALSE
LEEKS5 20230809,0,177,FALSE
LEEKS5 20230810,0,1331,FALSE
LEEKS5 20230811,0,941,FALSE
LEEKS5 20230812,0,637,FALSE
LEEKS5 20230813,0,944,FALSE
LEEKS5 20230814,0,652,FALSE
LEEKS5 20230815,0,528,FALSE
LEEKS5 20230816,0,678,FALSE
LEEKS5 20230817,0,734,FALSE
LEEKS5 20230818,0,531,FALSE
LEEKS5 20230819,0,997,FALSE
LEEKS5 20230820,0,499,FALSE
LEEKS5 20230821,0,87,FALSE
LEEKS5 20230822,0,320,FALSE
LEEKS5 20230823,0,159,FALSE
LEEKS5 20230824,0,170,FALSE
LEEKS5 20230825,0,306,FALSE
LEEKS5 20230826,0,358,FALSE
LEEKS5 20230827,0,370,FALSE
LEEKS5 20230828,0,128,FALSE
LEEKS5 20230829,0,560,FALSE
LEEKS5 20230830,0,1262,FALSE
LEEKS5 20230831,0,132,FALSE
LEEKS5 20230901,0,399,FALSE
LEEKS5 20230902,0,150,FALSE
LEEKS5 20230903,0,106,FALSE
LEEKS5 20230904,0,16,FALSE
LEEKS5 20230905,0,85,FALSE
LEEKS5 20230906,0,205,FALSE
LEEKS5 20230907,0,51,FALSE
LEEKS5 20230908,0,203,FALSE
LEEKS5 20230909,0,202,FALSE
LEEKS5 20230910,0,220,FALSE
LEEKS5 20230911,0,149,FALSE
LEEKS5 20230912,0,136,FALSE
LEEKS5 20230913,0,88,FALSE
LEEKS5 20230914,0,7,FALSE
SNAKE8 20230701,0,114,FALSE
SNAKE8 20230702,0,181,FALSE
SNAKE8 20230703,0,308,FALSE
SNAKE8 20230704,0,457,FALSE
SNAKE8 20230705,0,407,FALSE
SNAKE8 20230706,0,409,FALSE
SNAKE8 20230707,0,585,FALSE
SNAKE8 20230708,0,307,FALSE
SNAKE8 20230709,0,593,FALSE
SNAKE8 20230710,0,581,FALSE
SNAKE8 20230711,0,747,FALSE
SNAKE8 20230712,0,558,FALSE
SNAKE8 20230713,0,733,FALSE
SNAKE8 20230714,0,873,FALSE
SNAKE8 20230715,0,743,FALSE
SNAKE8 20230716,0,879,FALSE
SNAKE8 20230717,0,1032,FALSE
SNAKE8 20230718,0,1074,FALSE
SNAKE8 20230719,0,1041,FALSE
SNAKE8 20230720,0,1158,FALSE
SNAKE8 20230721,0,1435,FALSE
SNAKE8 20230722,0,1105,FALSE
SNAKE8 20230723,0,1204,FALSE
SNAKE8 20230724,0,1444,FALSE
SNAKE8 20230725,0,847,FALSE
SNAKE8 20230726,0,1183,FALSE
SNAKE8 20230727,0,1573,FALSE
SNAKE8 20230728,0,1389,FALSE
SNAKE8 20230729,0,1563,FALSE
SNAKE8 20230730,0,1438,FALSE
SNAKE8 20230731,0,1390,FALSE
SNAKE8 20230801,0,1297,FALSE
SNAKE8 20230802,0,1439,FALSE
SNAKE8 20230803,0,945,FALSE
SNAKE8 20230804,0,941,FALSE
SNAKE8 20230805,0,820,FALSE
SNAKE8 20230806,0,486,FALSE
SNAKE8 20230807,0,45,FALSE
SNAKE8 20230808,0,351,FALSE
SNAKE8 20230809,0,434,FALSE
SNAKE8 20230810,0,728,FALSE
SNAKE8 20230811,0,1240,FALSE
SNAKE8 20230812,0,1076,FALSE
SNAKE8 20230813,0,1157,FALSE
SNAKE8 20230814,0,1032,FALSE
SNAKE8 20230815,0,1117,FALSE
SNAKE8 20230816,0,578,FALSE
SNAKE8 20230817,0,339,FALSE
SNAKE8 20230818,0,1434,FALSE
SNAKE8 20230819,0,1314,FALSE
SNAKE8 20230820,0,1099,FALSE
SNAKE8 20230821,0,321,FALSE
SNAKE8 20230822,0,505,FALSE
SNAKE8 20230823,0,662,FALSE
SNAKE8 20230824,0,569,FALSE
SNAKE8 20230825,0,645,FALSE
SNAKE8 20230826,0,874,FALSE
SNAKE8 20230827,0,626,FALSE
SNAKE8 20230828,0,268,FALSE
SNAKE8 20230829,0,455,FALSE
SNAKE8 20230830,0,755,FALSE
SNAKE8 20230831,0,211,FALSE
SNAKE8 20230901,0,279,FALSE
SNAKE8 20230902,0,117,FALSE
SNAKE8 20230903,0,60,FALSE
SNAKE8 20230904,0,186,FALSE
SNAKE8 20230905,0,166,FALSE
SNAKE8 20230906,0,251,FALSE
SNAKE8 20230907,0,110,FALSE
SNAKE8 20230908,0,137,FALSE
SNAKE8 20230909,0,99,FALSE
SNAKE8 20230910,0,291,FALSE
SNAKE8 20230911,0,104,FALSE
SNAKE8 20230912,0,152,FALSE
SNAKE8 20230913,0,126,FALSE
SNAKE8 20230914,0,6,FALSE
TAGG13 20230701,0,9,FALSE
TAGG13 20230702,0,71,FALSE
TAGG13 20230703,0,64,FALSE
TAGG13 20230704,0,95,FALSE
TAGG13 20230705,0,51,FALSE
TAGG13 20230706,0,221,FALSE
TAGG13 20230707,0,506,FALSE
TAGG13 20230708,0,886,FALSE
TAGG13 20230709,0,591,FALSE
TAGG13 20230710,0,685,FALSE
TAGG13 20230711,0,613,FALSE
TAGG13 20230712,0,198,FALSE
TAGG13 20230713,0,440,FALSE
TAGG13 20230714,0,1329,FALSE
TAGG13 20230715,0,910,FALSE
TAGG13 20230716,0,902,FALSE
TAGG13 20230717,0,1038,FALSE
TAGG13 20230718,0,1510,FALSE
TAGG13 20230719,0,1007,FALSE
TAGG13 20230720,0,913,FALSE
TAGG13 20230721,0,1108,FALSE
TAGG13 20230722,0,637,FALSE
TAGG13 20230723,0,300,FALSE
TAGG13 20230724,0,289,FALSE
TAGG13 20230725,0,156,FALSE
TAGG13 20230726,0,311,FALSE
TAGG13 20230727,0,731,FALSE
TAGG13 20230728,0,219,FALSE
TAGG13 20230729,0,184,FALSE
TAGG13 20230730,0,304,FALSE
TAGG13 20230731,0,92,FALSE
TAGG13 20230801,0,96,FALSE
TAGG13 20230802,0,66,FALSE
TAGG13 20230805,0,49,FALSE
TAGG13 20230806,0,1,FALSE
TAGG13 20230809,0,166,FALSE
TAGG13 20230810,0,293,FALSE
TAGG13 20230811,0,336,FALSE
TAGG13 20230812,0,83,FALSE
TAGG13 20230813,0,49,FALSE
TAGG13 20230814,0,261,FALSE
TAGG13 20230815,0,541,FALSE
TAGG13 20230816,0,529,FALSE
TAGG13 20230817,0,274,FALSE
TAGG13 20230818,0,226,FALSE
TAGG13 20230819,0,364,FALSE
TAGG13 20230823,0,263,FALSE
TAGG13 20230824,0,302,FALSE
TAGG13 20230825,0,420,FALSE
TAGG13 20230826,0,749,FALSE
TAGG13 20230827,0,831,FALSE
TAGG13 20230828,0,29,FALSE
TAGG13 20230829,0,88,FALSE
TAGG13 20230830,0,559,FALSE
TAGG13 20230831,0,43,FALSE
TAGG13 20230901,0,282,FALSE
TAGG13 20230902,0,58,FALSE
TAGG13 20230906,0,662,FALSE
TAGG13 20230907,0,278,FALSE
TAGG13 20230908,0,14,FALSE
TAGG13 20230909,0,57,FALSE
TAGG13 20230910,0,2,FALSE
TAGG13 20230911,0,25,FALSE
TAGG13 20230912,0,287,FALSE
TAGG13 20230913,0,57,FALSE
TRIA09 20230701,0,32,FALSE
TRIA09 20230702,0,154,FALSE
TRIA09 20230703,0,241,FALSE
TRIA09 20230704,0,229,FALSE
TRIA09 20230705,0,106,FALSE
TRIA09 20230706,0,171,FALSE
TRIA09 20230707,0,167,FALSE
TRIA09 20230708,0,150,FALSE
TRIA09 20230709,0,145,FALSE
TRIA09 20230710,0,334,FALSE
TRIA09 20230711,0,469,FALSE
TRIA09 20230712,0,373,FALSE
TRIA09 20230713,0,459,FALSE
TRIA09 20230714,0,384,FALSE
TRIA09 20230715,0,270,FALSE
TRIA09 20230716,0,328,FALSE
TRIA09 20230717,0,469,FALSE
TRIA09 20230718,0,692,FALSE
TRIA09 20230719,0,339,FALSE
TRIA09 20230720,0,441,FALSE
TRIA09 20230721,0,365,FALSE
TRIA09 20230722,0,343,FALSE
TRIA09 20230723,0,444,FALSE
TRIA09 20230724,0,483,FALSE
TRIA09 20230725,0,395,FALSE
TRIA09 20230726,0,568,FALSE
TRIA09 20230727,0,926,FALSE
TRIA09 20230728,0,507,FALSE
TRIA09 20230729,0,544,FALSE
TRIA09 20230730,0,569,FALSE
TRIA09 20230731,0,537,FALSE
TRIA09 20230801,0,257,FALSE
TRIA09 20230802,0,286,FALSE
TRIA09 20230803,0,140,FALSE
TRIA09 20230804,0,111,FALSE
TRIA09 20230805,0,126,FALSE
TRIA09 20230806,0,127,FALSE
TRIA09 20230807,0,180,FALSE
TRIA09 20230808,0,239,FALSE
TRIA09 20230809,0,348,FALSE
TRIA09 20230810,0,664,FALSE
TRIA09 20230811,0,692,FALSE
TRIA09 20230812,0,326,FALSE
TRIA09 20230813,0,377,FALSE
TRIA09 20230814,0,299,FALSE
TRIA09 20230815,0,305,FALSE
TRIA09 20230816,0,342,FALSE
TRIA09 20230817,0,554,FALSE
TRIA09 20230818,0,747,FALSE
TRIA09 20230819,0,456,FALSE
TRIA09 20230820,0,353,FALSE
TRIA09 20230821,0,120,FALSE
TRIA09 20230822,0,445,FALSE
TRIA09 20230823,0,316,FALSE
TRIA09 20230824,0,121,FALSE
TRIA09 20230825,0,324,FALSE
TRIA09 20230826,0,303,FALSE
TRIA09 20230827,0,264,FALSE
TRIA09 20230828,0,82,FALSE
TRIA09 20230829,0,329,FALSE
TRIA09 20230830,0,741,FALSE
TRIA09 20230831,0,114,FALSE
TRIA09 20230901,0,190,FALSE
TRIA09 20230902,0,145,FALSE
TRIA09 20230903,0,111,FALSE
TRIA09 20230904,0,12,FALSE
TRIA09 20230905,0,68,FALSE
TRIA09 20230906,0,91,FALSE
TRIA09 20230907,0,64,FALSE
TRIA09 20230908,0,142,FALSE
TRIA09 20230909,0,85,FALSE
TRIA09 20230910,0,113,FALSE
TRIA09 20230911,0,77,FALSE
TRIA09 20230912,0,69,FALSE
TRIA09 20230913,0,36,FALSE
TRIA09 20230914,0,3,FALSE
TSSWE10 20230701,0,8,FALSE
TSSWE10 20230702,0,5,FALSE
TSSWE10 20230703,0,4,FALSE
TSSWE10 20230704,0,3,FALSE
TSSWE10 20230705,0,3,FALSE
TSSWE10 20230707,0,18,FALSE
TSSWE10 20230708,0,116,FALSE
TSSWE10 20230709,0,41,FALSE
TSSWE10 20230710,0,26,FALSE
TSSWE10 20230711,0,15,FALSE
TSSWE10 20230712,0,18,FALSE
TSSWE10 20230713,0,25,FALSE
TSSWE10 20230714,0,68,FALSE
TSSWE10 20230715,0,7,FALSE
TSSWE10 20230716,0,5,FALSE
TSSWE10 20230717,0,15,FALSE
TSSWE10 20230718,0,23,FALSE
TSSWE10 20230719,0,110,FALSE
TSSWE10 20230720,0,290,FALSE
TSSWE10 20230721,0,134,FALSE
TSSWE10 20230722,0,53,FALSE
TSSWE10 20230723,0,50,FALSE
TSSWE10 20230724,0,92,FALSE
TSSWE10 20230725,0,100,FALSE
TSSWE10 20230726,0,528,FALSE
TSSWE10 20230727,0,1623,FALSE
TSSWE10 20230728,0,462,FALSE
TSSWE10 20230811,0,199,FALSE
TSSWE10 20230812,0,564,FALSE
TSSWE10 20230813,0,800,FALSE
TSSWE10 20230814,0,1298,FALSE
TSSWE10 20230815,0,682,FALSE
TSSWE10 20230816,0,887,FALSE
TSSWE10 20230817,0,837,FALSE
TSSWE10 20230818,0,576,FALSE
TSSWE10 20230819,0,670,FALSE
TSSWE10 20230823,0,122,FALSE
TSSWE10 20230824,0,319,FALSE
TSSWE10 20230825,0,1404,FALSE
TSSWE10 20230826,0,684,FALSE
TSSWE10 20230827,0,518,FALSE
TSSWE10 20230828,0,142,FALSE
TSSWE10 20230829,0,444,FALSE
TSSWE10 20230830,0,347,FALSE
TSSWE10 20230831,0,147,FALSE
TSSWE10 20230901,0,278,FALSE
TSSWE10 20230902,0,91,FALSE
TSSWE10 20230903,0,55,FALSE
TSSWE10 20230905,0,45,FALSE
TSSWE10 20230906,0,203,FALSE
TSSWE10 20230907,0,135,FALSE
TSSWE10 20230908,0,117,FALSE
TSSWE10 20230909,0,129,FALSE
TSSWE10 20230910,0,621,FALSE
TSSWE10 20230911,0,295,FALSE
TSSWE10 20230912,0,513,FALSE
TSSWE10 20230913,0,53,FALSE
WEAT12 20230701,0,13,FALSE
WEAT12 20230702,0,154,FALSE
WEAT12 20230703,0,232,FALSE
WEAT12 20230704,0,113,FALSE
WEAT12 20230705,0,132,FALSE
WEAT12 20230706,0,96,FALSE
WEAT12 20230707,0,85,FALSE
WEAT12 20230708,0,644,FALSE
WEAT12 20230709,0,326,FALSE
WEAT12 20230710,0,387,FALSE
WEAT12 20230711,0,612,FALSE
WEAT12 20230712,0,615,FALSE
WEAT12 20230713,0,412,FALSE
WEAT12 20230714,0,1060,FALSE
WEAT12 20230715,0,619,FALSE
WEAT12 20230716,0,419,FALSE
WEAT12 20230717,0,823,FALSE
WEAT12 20230718,0,1436,FALSE
WEAT12 20230719,0,654,FALSE
WEAT12 20230720,0,707,FALSE
WEAT12 20230721,0,1247,FALSE
WEAT12 20230722,0,651,FALSE
WEAT12 20230723,0,475,FALSE
WEAT12 20230724,0,1057,FALSE
WEAT12 20230725,0,270,FALSE
WEAT12 20230726,0,310,FALSE
WEAT12 20230727,0,1550,FALSE
WEAT12 20230728,0,926,FALSE
WEAT12 20230729,0,336,FALSE
WEAT12 20230730,0,614,FALSE
WEAT12 20230731,0,488,FALSE
WEAT12 20230801,0,181,FALSE
WEAT12 20230802,0,456,FALSE
WEAT12 20230803,0,344,FALSE
WEAT12 20230804,0,210,FALSE
WEAT12 20230805,0,52,FALSE
WEAT12 20230806,0,7,FALSE
WEAT12 20230807,0,4,FALSE
WEAT12 20230808,0,1,FALSE
WEAT12 20230809,0,408,FALSE
WEAT12 20230810,0,1974,FALSE
WEAT12 20230811,0,789,FALSE
WEAT12 20230812,0,81,FALSE
WEAT12 20230813,0,376,FALSE
WEAT12 20230814,0,177,FALSE
WEAT12 20230815,0,241,FALSE
WEAT12 20230816,0,437,FALSE
WEAT12 20230817,0,234,FALSE
WEAT12 20230818,0,690,FALSE
WEAT12 20230819,0,845,FALSE
WEAT12 20230821,0,46,FALSE
WEAT12 20230823,0,80,FALSE
WEAT12 20230824,0,47,FALSE
WEAT12 20230825,0,783,FALSE
WEAT12 20230826,0,1425,FALSE
WEAT12 20230827,0,425,FALSE
WEAT12 20230828,0,9,FALSE
WEAT12 20230829,0,159,FALSE
WEAT12 20230830,0,144,FALSE
WEAT12 20230831,0,11,FALSE
WEAT12 20230901,0,404,FALSE
WEAT12 20230904,0,7,FALSE
WEAT12 20230906,0,652,FALSE
WEAT12 20230907,0,549,FALSE
WEAT12 20230908,0,220,FALSE
WEAT12 20230909,0,77,FALSE
WEAT12 20230910,0,6,FALSE
WEAT12 20230911,0,2,FALSE
WEAT12 20230912,0,250,FALSE
WEAT12 20230913,0,24,FALSE
WILLO7 20230706,0,1,FALSE
WILLO7 20230707,0,343,FALSE
WILLO7 20230708,0,209,FALSE
WILLO7 20230709,0,383,FALSE
WILLO7 20230710,0,536,FALSE
WILLO7 20230711,0,378,FALSE
WILLO7 20230712,0,415,FALSE
WILLO7 20230713,0,517,FALSE
WILLO7 20230714,0,487,FALSE
WILLO7 20230715,0,97,FALSE
WILLO7 20230716,0,259,FALSE
WILLO7 20230717,0,535,FALSE
WILLO7 20230718,0,1617,FALSE
WILLO7 20230719,0,766,FALSE
WILLO7 20230720,0,872,FALSE
WILLO7 20230721,0,823,FALSE
WILLO7 20230722,0,667,FALSE
WILLO7 20230723,0,647,FALSE
WILLO7 20230724,0,7,FALSE
