night,rec_v445,rec_v30,in_both
GRTE01 20220621,1,291,TRUE
GRTE01 20220630,329,1034,TRUE
GRTE01 20220701,685,685,TRUE
GRTE01 20220702,559,559,TRUE
GRTE01 20220703,560,561,TRUE
GRTE01 20220704,603,603,TRUE
GRTE01 20220705,455,455,TRUE
GRTE01 20220706,470,470,TRUE
GRTE01 20220707,439,439,TRUE
GRTE01 20220708,426,426,TRUE
GRTE01 20220709,646,646,TRUE
GRTE01 20220710,763,763,TRUE
GRTE01 20220711,596,596,TRUE
GRTE01 20220712,454,454,TRUE
GRTE01 20220713,427,427,TRUE
GRTE01 20220719,163,164,TRUE
GRTE01 20220720,609,610,TRUE
GRTE01 20220721,680,680,TRUE
GRTE01 20220722,891,891,TRUE
GRTE01 20220723,1157,1157,TRUE
GRTE01 20220724,707,707,TRUE
GRTE01 20220725,1021,1021,TRUE
GRTE01 20220726,884,884,TRUE
GRTE01 20220727,860,860,TRUE
GRTE01 20220728,953,953,TRUE
GRTE01 20220729,700,700,TRUE
GRTE01 20220730,375,375,TRUE
GRTE01 20220731,1028,1028,TRUE
GRTE01 20220801,1091,1091,TRUE
GRTE01 20220802,953,953,TRUE
GRTE01 20220803,362,362,TRUE
GRTE01 20220804,740,740,TRUE
GRTE01 20220805,807,807,TRUE
GRTE01 20220806,497,497,TRUE
GRTE01 20220807,314,314,TRUE
GRTE01 20220808,581,581,TRUE
GRTE01 20220809,714,714,TRUE
GRTE01 20220810,757,757,TRUE
GRTE01 20220811,1056,1056,TRUE
GRTE01 20220812,273,307,TRUE
GRTE01 20220814,146,146,TRUE
GRTE01 20220815,416,416,TRUE
GRTE05 20220621,1,1,TRUE
GRTE05 20220622,2,2,TRUE
GRTE05 20220623,20,20,TRUE
GRTE05 20220624,10,10,TRUE
GRTE05 20220625,2,2,TRUE
GRTE05 20220626,2,2,TRUE
GRTE05 20220627,2,2,TRUE
GRTE05 20220629,49,49,TRUE
GRTE05 20220630,36,36,TRUE
GRTE05 20220701,1,1,TRUE
GRTE05 20220709,5,5,TRUE
GRTE05 20220710,8,8,TRUE
GRTE05 20220716,11,11,TRUE
GRTE05 20220717,29,29,TRUE
GRTE05 20220718,143,143,TRUE
GRTE05 20220719,107,107,TRUE
GRTE05 20220720,10,10,TRUE
GRTE05 20220721,10,10,TRUE
GRTE05 20220722,68,68,TRUE
GRTE05 20220723,100,100,TRUE
GRTE05 20220724,59,59,TRUE
GRTE05 20220725,85,85,TRUE
GRTE05 20220726,41,41,TRUE
GRTE05 20220727,95,95,TRUE
GRTE05 20220728,23,23,TRUE
GRTE05 20220730,93,93,TRUE
GRTE05 20220731,182,182,TRUE
GRTE05 20220801,243,243,TRUE
GRTE05 20220802,337,337,TRUE
GRTE05 20220803,14,14,TRUE
GRTE05 20220804,41,41,TRUE
GRTE05 20220805,18,18,TRUE
GRTE05 20220807,37,37,TRUE
GRTE05 20220808,39,39,TRUE
GRTE05 20220809,73,73,TRUE
GRTE05 20220810,170,170,TRUE
GRTE05 20220811,352,352,TRUE
GRTE05 20220812,40,40,TRUE
GRTE05 20220814,17,17,TRUE
GRTE06 20220621,102,102,TRUE
GRTE06 20220622,72,72,TRUE
GRTE06 20220623,184,184,TRUE
GRTE06 20220624,207,209,TRUE
GRTE06 20220625,104,104,TRUE
GRTE06 20220626,120,120,TRUE
GRTE06 20220627,66,66,TRUE
GRTE06 20220628,129,129,TRUE
GRTE06 20220629,232,232,TRUE
GRTE06 20220630,88,88,TRUE
GRTE06 20220701,155,155,TRUE
GRTE06 20220702,153,153,TRUE
GRTE06 20220703,161,161,TRUE
GRTE06 20220704,97,97,TRUE
GRTE06 20220705,137,137,TRUE
GRTE06 20220706,94,94,TRUE
GRTE06 20220707,116,116,TRUE
GRTE06 20220708,105,105,TRUE
GRTE06 20220709,355,355,TRUE
GRTE06 20220710,677,677,TRUE
GRTE06 20220711,194,194,TRUE
GRTE06 20220712,130,130,TRUE
GRTE06 20220713,67,67,TRUE
GRTE06 20220714,97,97,TRUE
GRTE06 20220715,108,108,TRUE
GRTE06 20220716,96,96,TRUE
GRTE06 20220717,144,144,TRUE
GRTE06 20220718,464,464,TRUE
GRTE06 20220719,617,617,TRUE
GRTE06 20220720,85,85,TRUE
GRTE06 20220721,111,111,TRUE
GRTE06 20220722,252,252,TRUE
GRTE06 20220723,331,331,TRUE
GRTE06 20220724,195,195,TRUE
GRTE06 20220725,572,572,TRUE
GRTE06 20220726,143,143,TRUE
GRTE06 20220727,164,164,TRUE
GRTE06 20220728,185,185,TRUE
GRTE06 20220729,126,126,TRUE
GRTE06 20220730,69,69,TRUE
GRTE06 20220731,163,163,TRUE
GRTE06 20220801,231,231,TRUE
GRTE06 20220802,272,272,TRUE
GRTE06 20220803,85,85,TRUE
GRTE06 20220804,127,127,TRUE
GRTE06 20220805,196,196,TRUE
GRTE06 20220806,81,81,TRUE
GRTE06 20220811,80,81,TRUE
GRTE06 20220812,8,8,TRUE
GRTE16 20220621,55,55,TRUE
GRTE16 20220622,228,228,TRUE
GRTE16 20220623,378,378,TRUE
GRTE16 20220624,449,449,TRUE
GRTE16 20220625,312,312,TRUE
GRTE16 20220626,324,324,TRUE
GRTE16 20220627,345,345,TRUE
GRTE16 20220628,481,481,TRUE
GRTE16 20220629,656,656,TRUE
GRTE16 20220630,527,527,TRUE
GRTE16 20220701,533,534,TRUE
GRTE16 20220702,417,417,TRUE
GRTE16 20220703,452,452,TRUE
GRTE16 20220704,483,483,TRUE
GRTE16 20220705,454,455,TRUE
GRTE16 20220706,611,591,TRUE
GRTE16 20220707,536,505,TRUE
GRTE16 20220708,600,570,TRUE
GRTE16 20220709,585,542,TRUE
GRTE16 20220710,874,835,TRUE
GRTE16 20220711,600,565,TRUE
GRTE16 20220712,557,507,TRUE
GRTE16 20220713,504,434,TRUE
GRTE16 20220714,453,453,TRUE
GRTE16 20220715,355,355,TRUE
GRTE16 20220716,279,279,TRUE
GRTE16 20220717,588,589,TRUE
GRTE16 20220718,957,957,TRUE
GRTE16 20220719,783,784,TRUE
GRTE16 20220720,554,554,TRUE
GRTE16 20220721,643,643,TRUE
GRTE16 20220722,835,835,TRUE
GRTE16 20220723,188,188,TRUE
GRTE16 20220724,462,407,TRUE
GRTE16 20220725,1245,1209,TRUE
GRTE16 20220726,844,809,TRUE
GRTE16 20220727,1001,899,TRUE
GRTE16 20220728,1055,972,TRUE
GRTE16 20220729,810,680,TRUE
GRTE16 20220730,494,462,TRUE
GRTE16 20220731,1051,1028,TRUE
GRTE16 20220801,1438,1412,TRUE
GRTE16 20220802,1277,1154,TRUE
GRTE16 20220803,457,420,TRUE
GRTE16 20220804,933,787,TRUE
GRTE17 20220724,293,293,TRUE
GRTE17 20220725,1000,1000,TRUE
GRTE17 20220726,589,589,TRUE
GRTE17 20220727,708,708,TRUE
GRTE17 20220728,684,684,TRUE
GRTE17 20220729,531,531,TRUE
GRTE17 20220730,306,306,TRUE
GRTE17 20220731,620,620,TRUE
GRTE17 20220801,775,775,TRUE
GRTE17 20220802,409,409,TRUE
GRTE17 20220814,102,102,TRUE
GRTE17 20220815,111,111,TRUE
GRTE01 20220622,0,549,FALSE
GRTE01 20220623,0,787,FALSE
GRTE01 20220624,0,589,FALSE
GRTE01 20220625,0,820,FALSE
GRTE01 20220626,0,809,FALSE
GRTE01 20220627,0,686,FALSE
GRTE01 20220628,0,842,FALSE
GRTE01 20220629,0,972,FALSE
GRTE02 20220621,0,258,FALSE
GRTE02 20220622,0,500,FALSE
GRTE02 20220623,0,406,FALSE
GRTE02 20220624,0,255,FALSE
GRTE02 20220625,0,370,FALSE
GRTE02 20220626,0,363,FALSE
GRTE02 20220627,0,417,FALSE
GRTE02 20220628,0,573,FALSE
GRTE02 20220629,0,461,FALSE
GRTE02 20220630,0,390,FALSE
GRTE02 20220701,0,325,FALSE
GRTE02 20220702,0,385,FALSE
GRTE02 20220703,0,255,FALSE
GRTE02 20220704,0,332,FALSE
GRTE02 20220705,0,230,FALSE
GRTE02 20220706,0,217,FALSE
GRTE02 20220707,0,265,FALSE
GRTE02 20220708,0,236,FALSE
GRTE02 20220709,0,260,FALSE
GRTE02 20220710,0,360,FALSE
GRTE02 20220711,0,306,FALSE
GRTE02 20220712,0,203,FALSE
GRTE02 20220713,0,225,FALSE
GRTE02 20220714,0,211,FALSE
GRTE02 20220715,0,220,FALSE
GRTE02 20220716,0,139,FALSE
GRTE02 20220717,0,201,FALSE
GRTE02 20220718,0,431,FALSE
GRTE02 20220719,0,679,FALSE
GRTE02 20220720,0,204,FALSE
GRTE02 20220721,0,289,FALSE
GRTE02 20220722,0,387,FALSE
GRTE02 20220723,0,585,FALSE
GRTE02 20220724,0,402,FALSE
GRTE02 20220725,0,381,FALSE
GRTE02 20220726,0,312,FALSE
GRTE02 20220727,0,315,FALSE
GRTE02 20220728,0,356,FALSE
GRTE02 20220729,0,221,FALSE
GRTE02 20220730,0,165,FALSE
GRTE02 20220731,0,259,FALSE
GRTE02 20220801,0,321,FALSE
GRTE02 20220802,0,373,FALSE
GRTE02 20220803,0,184,FALSE
GRTE02 20220804,0,342,FALSE
GRTE02 20220805,0,313,FALSE
GRTE02 20220806,0,168,FALSE
GRTE02 20220807,0,251,FALSE
GRTE02 20220808,0,18,FALSE
GRTE02 20220815,0,1,FALSE
GRTE03 20220808,0,270,FALSE
GRTE03 20220809,0,238,FALSE
GRTE03 20220810,0,231,FALSE
GRTE03 20220811,0,381,FALSE
GRTE03 20220812,0,104,FALSE
GRTE03 20220813,0,33,FALSE
GRTE03 20220814,0,3,FALSE
GRTE08 20220622,0,15,FALSE
GRTE08 20220623,0,147,FALSE
GRTE08 20220624,0,54,FALSE
GRTE08 20220625,0,26,FALSE
GRTE08 20220626,0,34,FALSE
GRTE08 20220627,0,25,FALSE
GRTE08 20220628,0,120,FALSE
GRTE08 20220629,0,109,FALSE
GRTE08 20220630,0,48,FALSE
GRTE08 20220701,0,335,FALSE
GRTE08 20220702,0,459,FALSE
GRTE08 20220703,0,105,FALSE
GRTE08 20220704,0,99,FALSE
GRTE08 20220705,0,85,FALSE
GRTE08 20220706,0,78,FALSE
GRTE08 20220707,0,210,FALSE
GRTE08 20220708,0,101,FALSE
GRTE08 20220709,0,170,FALSE
GRTE08 20220710,0,264,FALSE
GRTE08 20220711,0,184,FALSE
GRTE08 20220712,0,64,FALSE
GRTE08 20220713,0,86,FALSE
GRTE08 20220714,0,81,FALSE
GRTE08 20220715,0,84,FALSE
GRTE08 20220716,0,493,FALSE
GRTE08 20220717,0,348,FALSE
GRTE08 20220718,0,233,FALSE
GRTE08 20220719,0,392,FALSE
GRTE08 20220720,0,121,FALSE
GRTE08 20220721,0,74,FALSE
GRTE08 20220722,0,381,FALSE
GRTE08 20220723,0,629,FALSE
GRTE08 20220724,0,105,FALSE
GRTE08 20220725,0,331,FALSE
GRTE08 20220726,0,126,FALSE
GRTE08 20220727,0,98,FALSE
GRTE08 20220728,0,335,FALSE
GRTE08 20220729,0,933,FALSE
GRTE08 20220730,0,91,FALSE
GRTE08 20220731,0,129,FALSE
GRTE08 20220801,0,155,FALSE
GRTE08 20220802,0,186,FALSE
GRTE08 20220803,0,98,FALSE
GRTE08 20220804,0,130,FALSE
GRTE08 20220805,0,108,FALSE
GRTE08 20220806,0,79,FALSE
GRTE08 20220807,0,48,FALSE
GRTE08 20220808,0,59,FALSE
GRTE08 20220809,0,110,FALSE
GRTE08 20220810,0,135,FALSE
GRTE08 20220811,0,250,FALSE
GRTE08 20220812,0,126,FALSE
GRTE08 20220813,0,112,FALSE
GRTE08 20220814,0,69,FALSE
GRTE08 20220815,0,98,FALSE
GRTE08 20220816,0,10,FALSE
GRTE09 20220622,0,78,FALSE
GRTE09 20220623,0,192,FALSE
GRTE09 20220624,0,43,FALSE
GRTE09 20220625,0,30,FALSE
GRTE09 20220626,0,25,FALSE
GRTE09 20220627,0,35,FALSE
GRTE09 20220628,0,61,FALSE
GRTE09 20220629,0,116,FALSE
GRTE09 20220630,0,58,FALSE
GRTE09 20220701,0,105,FALSE
GRTE09 20220702,0,128,FALSE
GRTE09 20220703,0,66,FALSE
GRTE09 20220704,0,71,FALSE
GRTE09 20220705,0,58,FALSE
GRTE09 20220706,0,58,FALSE
GRTE09 20220707,0,85,FALSE
GRTE09 20220708,0,114,FALSE
GRTE09 20220709,0,194,FALSE
GRTE09 20220710,0,180,FALSE
GRTE09 20220711,0,113,FALSE
GRTE09 20220712,0,56,FALSE
GRTE09 20220713,0,62,FALSE
GRTE09 20220714,0,88,FALSE
GRTE09 20220715,0,92,FALSE
GRTE09 20220716,0,333,FALSE
GRTE09 20220717,0,226,FALSE
GRTE09 20220718,0,162,FALSE
GRTE09 20220719,0,229,FALSE
GRTE09 20220720,0,51,FALSE
GRTE09 20220721,0,55,FALSE
GRTE09 20220722,0,226,FALSE
GRTE09 20220723,0,236,FALSE
GRTE09 20220724,0,81,FALSE
GRTE09 20220725,0,159,FALSE
GRTE09 20220726,0,101,FALSE
GRTE09 20220727,0,86,FALSE
GRTE09 20220728,0,179,FALSE
GRTE09 20220729,0,539,FALSE
GRTE09 20220730,0,45,FALSE
GRTE09 20220731,0,87,FALSE
GRTE09 20220801,0,96,FALSE
GRTE09 20220802,0,122,FALSE
GRTE09 20220803,0,69,FALSE
GRTE09 20220804,0,76,FALSE
GRTE09 20220805,0,84,FALSE
GRTE09 20220806,0,97,FALSE
GRTE09 20220807,0,37,FALSE
GRTE09 20220808,0,66,FALSE
GRTE09 20220809,0,71,FALSE
GRTE09 20220810,0,124,FALSE
GRTE09 20220811,0,182,FALSE
GRTE09 20220812,0,61,FALSE
GRTE09 20220813,0,38,FALSE
GRTE09 20220814,0,31,FALSE
GRTE09 20220815,0,89,FALSE
GRTE09 20220816,0,42,FALSE
GRTE10 20220622,0,233,FALSE
GRTE10 20220623,0,349,FALSE
GRTE10 20220624,0,472,FALSE
GRTE10 20220625,0,125,FALSE
GRTE10 20220626,0,93,FALSE
GRTE10 20220627,0,95,FALSE
GRTE10 20220628,0,129,FALSE
GRTE10 20220629,0,267,FALSE
GRTE10 20220630,0,155,FALSE
GRTE10 20220701,0,412,FALSE
GRTE10 20220702,0,137,FALSE
GRTE10 20220703,0,183,FALSE
GRTE10 20220704,0,178,FALSE
GRTE10 20220705,0,100,FALSE
GRTE10 20220706,0,141,FALSE
GRTE10 20220707,0,83,FALSE
GRTE10 20220708,0,70,FALSE
GRTE10 20220709,0,117,FALSE
GRTE10 20220710,0,174,FALSE
GRTE10 20220711,0,235,FALSE
GRTE10 20220712,0,91,FALSE
GRTE10 20220713,0,49,FALSE
GRTE10 20220714,0,232,FALSE
GRTE10 20220715,0,115,FALSE
GRTE10 20220716,0,132,FALSE
GRTE10 20220717,0,174,FALSE
GRTE10 20220718,0,192,FALSE
GRTE10 20220719,0,236,FALSE
GRTE10 20220720,0,70,FALSE
GRTE10 20220721,0,142,FALSE
GRTE10 20220722,0,456,FALSE
GRTE10 20220723,0,357,FALSE
GRTE10 20220724,0,137,FALSE
GRTE10 20220725,0,272,FALSE
GRTE10 20220726,0,360,FALSE
GRTE10 20220727,0,276,FALSE
GRTE10 20220728,0,596,FALSE
GRTE10 20220729,0,751,FALSE
GRTE10 20220730,0,209,FALSE
GRTE10 20220731,0,456,FALSE
GRTE10 20220801,0,797,FALSE
GRTE10 20220802,0,673,FALSE
GRTE10 20220803,0,371,FALSE
GRTE10 20220804,0,573,FALSE
GRTE10 20220805,0,627,FALSE
GRTE10 20220806,0,375,FALSE
GRTE10 20220807,0,240,FALSE
GRTE10 20220808,0,331,FALSE
GRTE10 20220809,0,365,FALSE
GRTE10 20220810,0,671,FALSE
GRTE10 20220811,0,273,FALSE
GRTE10 20220812,0,265,FALSE
GRTE10 20220813,0,3,FALSE
GRTE10 20220814,0,299,FALSE
GRTE10 20220815,0,182,FALSE
GRTE10 20220816,0,860,FALSE
GRTE11 20220622,0,24,FALSE
GRTE11 20220623,0,144,FALSE
GRTE11 20220624,0,56,FALSE
GRTE11 20220625,0,14,FALSE
GRTE11 20220626,0,12,FALSE
GRTE11 20220627,0,16,FALSE
GRTE11 20220628,0,79,FALSE
GRTE11 20220629,0,149,FALSE
GRTE11 20220630,0,38,FALSE
GRTE11 20220701,0,322,FALSE
GRTE11 20220702,0,377,FALSE
GRTE11 20220703,0,100,FALSE
GRTE11 20220704,0,149,FALSE
GRTE11 20220705,0,55,FALSE
GRTE11 20220706,0,88,FALSE
GRTE11 20220707,0,132,FALSE
GRTE11 20220708,0,178,FALSE
GRTE11 20220709,0,151,FALSE
GRTE11 20220710,0,186,FALSE
GRTE11 20220711,0,110,FALSE
GRTE11 20220712,0,55,FALSE
GRTE11 20220713,0,47,FALSE
GRTE11 20220714,0,59,FALSE
GRTE11 20220715,0,50,FALSE
GRTE11 20220716,0,194,FALSE
GRTE11 20220717,0,263,FALSE
GRTE11 20220718,0,120,FALSE
GRTE11 20220719,0,220,FALSE
GRTE11 20220720,0,54,FALSE
GRTE11 20220721,0,45,FALSE
GRTE11 20220722,0,249,FALSE
GRTE11 20220723,0,423,FALSE
GRTE11 20220724,0,47,FALSE
GRTE11 20220725,0,143,FALSE
GRTE11 20220726,0,94,FALSE
GRTE11 20220727,0,66,FALSE
GRTE11 20220728,0,205,FALSE
GRTE11 20220729,0,82,FALSE
GRTE11 20220730,0,43,FALSE
GRTE11 20220731,0,77,FALSE
GRTE11 20220801,0,64,FALSE
GRTE11 20220802,0,77,FALSE
GRTE11 20220803,0,112,FALSE
GRTE11 20220804,0,95,FALSE
GRTE11 20220805,0,105,FALSE
GRTE11 20220806,0,88,FALSE
GRTE11 20220807,0,50,FALSE
GRTE11 20220808,0,70,FALSE
GRTE11 20220809,0,106,FALSE
GRTE11 20220810,0,132,FALSE
GRTE11 20220811,0,170,FALSE
GRTE11 20220812,0,110,FALSE
GRTE11 20220813,0,49,FALSE
GRTE11 20220814,0,20,FALSE
GRTE11 20220815,0,22,FALSE
GRTE13 20220622,0,130,FALSE
GRTE13 20220623,0,284,FALSE
GRTE13 20220624,0,613,FALSE
GRTE13 20220625,0,203,FALSE
GRTE13 20220626,0,169,FALSE
GRTE13 20220627,0,178,FALSE
GRTE13 20220628,0,223,FALSE
GRTE13 20220629,0,341,FALSE
GRTE13 20220630,0,242,FALSE
GRTE13 20220701,0,202,FALSE
GRTE13 20220702,0,213,FALSE
GRTE13 20220703,0,228,FALSE
GRTE13 20220704,0,281,FALSE
GRTE13 20220705,0,270,FALSE
GRTE13 20220706,0,280,FALSE
GRTE13 20220707,0,342,FALSE
GRTE13 20220708,0,413,FALSE
GRTE13 20220709,0,389,FALSE
GRTE13 20220710,0,464,FALSE
GRTE13 20220711,0,519,FALSE
GRTE13 20220712,0,251,FALSE
GRTE13 20220713,0,278,FALSE
GRTE13 20220714,0,304,FALSE
GRTE13 20220715,0,470,FALSE
GRTE13 20220716,0,311,FALSE
GRTE13 20220717,0,373,FALSE
GRTE13 20220718,0,458,FALSE
GRTE13 20220719,0,487,FALSE
GRTE13 20220720,0,198,FALSE
GRTE13 20220721,0,319,FALSE
GRTE13 20220722,0,633,FALSE
GRTE13 20220723,0,855,FALSE
GRTE13 20220724,0,463,FALSE
GRTE13 20220725,0,325,FALSE
GRTE13 20220803,0,129,FALSE
GRTE13 20220804,0,317,FALSE
GRTE13 20220805,0,243,FALSE
GRTE13 20220806,0,290,FALSE
GRTE13 20220807,0,230,FALSE
GRTE13 20220808,0,222,FALSE
GRTE13 20220809,0,249,FALSE
GRTE13 20220810,0,284,FALSE
GRTE13 20220811,0,569,FALSE
GRTE13 20220812,0,288,FALSE
GRTE13 20220813,0,116,FALSE
GRTE13 20220814,0,133,FALSE
GRTE13 20220815,0,179,FALSE
GRTE13 20220816,0,104,FALSE
GRTE14 20220622,0,64,FALSE
GRTE14 20220623,0,162,FALSE
GRTE14 20220624,0,341,FALSE
GRTE14 20220625,0,136,FALSE
GRTE14 20220626,0,130,FALSE
GRTE14 20220627,0,132,FALSE
GRTE14 20220628,0,124,FALSE
GRTE14 20220629,0,172,FALSE
GRTE14 20220630,0,152,FALSE
GRTE14 20220701,0,125,FALSE
GRTE14 20220702,0,96,FALSE
GRTE14 20220703,0,119,FALSE
GRTE14 20220704,0,189,FALSE
GRTE14 20220705,0,198,FALSE
GRTE14 20220706,0,209,FALSE
GRTE14 20220707,0,223,FALSE
GRTE14 20220708,0,257,FALSE
GRTE14 20220709,0,298,FALSE
GRTE14 20220710,0,324,FALSE
GRTE14 20220711,0,300,FALSE
GRTE14 20220712,0,159,FALSE
GRTE14 20220713,0,152,FALSE
GRTE14 20220714,0,159,FALSE
GRTE14 20220715,0,297,FALSE
GRTE14 20220716,0,167,FALSE
GRTE14 20220717,0,60,FALSE
GRTE14 20220729,0,246,FALSE
GRTE14 20220730,0,354,FALSE
GRTE14 20220731,0,265,FALSE
GRTE14 20220801,0,271,FALSE
GRTE14 20220802,0,270,FALSE
GRTE14 20220803,0,126,FALSE
GRTE14 20220804,0,267,FALSE
GRTE14 20220805,0,208,FALSE
GRTE14 20220806,0,70,FALSE
GRTE14 20220807,0,184,FALSE
GRTE14 20220808,0,208,FALSE
GRTE14 20220809,0,248,FALSE
GRTE14 20220810,0,271,FALSE
GRTE14 20220811,0,500,FALSE
GRTE14 20220812,0,185,FALSE
GRTE14 20220813,0,32,FALSE
GRTE14 20220814,0,31,FALSE
GRTE15 20220622,0,171,FALSE
GRTE15 20220623,0,855,FALSE
GRTE15 20220624,0,1005,FALSE
GRTE15 20220625,0,679,FALSE
GRTE15 20220626,0,834,FALSE
GRTE15 20220627,0,826,FALSE
GRTE15 20220628,0,964,FALSE
GRTE15 20220629,0,956,FALSE
GRTE15 20220630,0,1000,FALSE
GRTE15 20220701,0,821,FALSE
GRTE15 20220702,0,749,FALSE
GRTE15 20220703,0,817,FALSE
GRTE15 20220704,0,1022,FALSE
GRTE15 20220705,0,955,FALSE
GRTE15 20220706,0,1008,FALSE
GRTE15 20220707,0,1160,FALSE
GRTE15 20220708,0,1029,FALSE
GRTE15 20220709,0,1141,FALSE
GRTE15 20220710,0,1143,FALSE
GRTE15 20220711,0,1007,FALSE
GRTE15 20220712,0,886,FALSE
GRTE15 20220713,0,937,FALSE
GRTE15 20220714,0,910,FALSE
GRTE15 20220715,0,1023,FALSE
GRTE15 20220716,0,978,FALSE
GRTE15 20220717,0,968,FALSE
GRTE15 20220719,0,297,FALSE
GRTE15 20220720,0,993,FALSE
GRTE15 20220721,0,1117,FALSE
GRTE15 20220722,0,1512,FALSE
GRTE15 20220723,0,1591,FALSE
GRTE15 20220724,0,1236,FALSE
GRTE15 20220725,0,1680,FALSE
GRTE15 20220726,0,1430,FALSE
GRTE15 20220727,0,1280,FALSE
GRTE15 20220728,0,1353,FALSE
GRTE15 20220729,0,1660,FALSE
GRTE15 20220730,0,1451,FALSE
GRTE15 20220731,0,417,FALSE
GRTE15 20220803,0,436,FALSE
GRTE15 20220804,0,1093,FALSE
GRTE15 20220805,0,1123,FALSE
GRTE15 20220806,0,970,FALSE
GRTE15 20220807,0,570,FALSE
GRTE15 20220808,0,863,FALSE
GRTE15 20220809,0,1054,FALSE
GRTE15 20220810,0,1247,FALSE
GRTE15 20220811,0,1541,FALSE
GRTE15 20220812,0,922,FALSE
GRTE15 20220813,0,349,FALSE
GRTE15 20220814,0,482,FALSE
GRTE15 20220815,0,952,FALSE
GRTE15 20220816,0,585,FALSE
GRTE17 20220621,0,77,FALSE
GRTE17 20220622,0,218,FALSE
GRTE17 20220623,0,312,FALSE
GRTE17 20220624,0,260,FALSE
GRTE17 20220625,0,271,FALSE
GRTE17 20220626,0,286,FALSE
GRTE17 20220627,0,292,FALSE
GRTE17 20220628,0,479,FALSE
GRTE17 20220629,0,631,FALSE
GRTE17 20220630,0,573,FALSE
GRTE17 20220701,0,406,FALSE
GRTE17 20220702,0,372,FALSE
GRTE17 20220703,0,363,FALSE
GRTE17 20220704,0,360,FALSE
GRTE17 20220705,0,342,FALSE
GRTE17 20220706,0,363,FALSE
GRTE17 20220707,0,305,FALSE
GRTE17 20220708,0,332,FALSE
GRTE17 20220709,0,347,FALSE
GRTE17 20220710,0,518,FALSE
GRTE17 20220711,0,300,FALSE
GRTE17 20220712,0,371,FALSE
GRTE17 20220713,0,259,FALSE
GRTE17 20220714,0,320,FALSE
GRTE17 20220715,0,177,FALSE
GRTE17 20220716,0,214,FALSE
GRTE17 20220717,0,459,FALSE
GRTE17 20220718,0,612,FALSE
GRTE17 20220719,0,610,FALSE
GRTE17 20220720,0,521,FALSE
GRTE17 20220721,0,497,FALSE
GRTE17 20220722,0,110,FALSE
GRTF02 20220621,0,73,FALSE
GRTF02 20220622,0,148,FALSE
GRTF02 20220623,0,178,FALSE
GRTF02 20220624,0,225,FALSE
GRTF02 20220625,0,185,FALSE
GRTF02 20220626,0,137,FALSE
GRTF02 20220627,0,145,FALSE
GRTF02 20220628,0,165,FALSE
GRTF02 20220629,0,257,FALSE
GRTF02 20220630,0,253,FALSE
GRTF02 20220701,0,181,FALSE
GRTF02 20220702,0,145,FALSE
GRTF02 20220703,0,130,FALSE
GRTF02 20220704,0,174,FALSE
GRTF02 20220705,0,127,FALSE
GRTF02 20220706,0,126,FALSE
GRTF02 20220707,0,162,FALSE
GRTF02 20220708,0,137,FALSE
GRTF02 20220709,0,392,FALSE
GRTF02 20220710,0,635,FALSE
GRTF02 20220711,0,358,FALSE
GRTF02 20220712,0,187,FALSE
GRTF02 20220713,0,139,FALSE
GRTF02 20220714,0,115,FALSE
GRTF02 20220715,0,72,FALSE
GRTF02 20220802,0,291,FALSE
GRTF02 20220803,0,144,FALSE
GRTF02 20220804,0,179,FALSE
GRTF02 20220805,0,200,FALSE
GRTF02 20220806,0,154,FALSE
GRTF02 20220807,0,75,FALSE
GRTF02 20220808,0,115,FALSE
GRTF02 20220809,0,161,FALSE
GRTF02 20220810,0,188,FALSE
GRTF02 20220811,0,360,FALSE
GRTF02 20220812,0,170,FALSE
GRTF02 20220813,0,88,FALSE
GRTF02 20220814,0,63,FALSE
GRTF02 20220815,0,36,FALSE
