filename,site,condition,mean_dsu,median_dsu,sd_dsu,mean_dsu_g,iso,aperture_f,exposure_s
grte01_distance_dark_p1.CR2,GRTE01,dark,5.927073709810376,1.138183610384873,120.84095954175363,5.307628061839714,3200.0,3.5,30.0
grte01_distance_dark_p2.CR2,GRTE01,dark,5.880547096290496,1.1060131433133698,120.3054037149688,5.2525313212954305,3200.0,3.5,30.0
grte01_distance_dark_p3.CR2,GRTE01,dark,5.9892845925149265,1.2086817934716894,119.82628679696377,5.371178687900676,3200.0,3.5,30.0
grte01_distance_white100_p1.CR2,GRTE01,white100,20.142861016442495,3.799192175084616,122.75054169223948,18.941628706183234,3200.0,3.5,30.0
grte01_distance_white100_p2.CR2,GRTE01,white100,20.1547399802194,3.8071895725600338,122.64943651329008,18.954722438494247,3200.0,3.5,30.0
grte01_distance_white100_p3.CR2,GRTE01,white100,20.099964272110324,3.7872136897214985,122.16537247158013,18.890553662315217,3200.0,3.5,30.0
grte02_distance_dark_p1.CR2,GRTE02,dark,4.055877822474177,4.141558424131702,4.784298766633573,4.0762821004936916,3200.0,3.5,30.0
grte02_distance_dark_p2.CR2,GRTE02,dark,4.084979443861554,4.162502158384262,4.970665856982921,4.112973353293492,3200.0,3.5,30.0
grte02_distance_dark_p3.CR2,GRTE02,dark,4.07404612596697,4.15388923504356,4.990614777952149,4.103231740505757,3200.0,3.5,30.0
grte02_distance_white100_p1.CR2,GRTE02,white100,3.5324774394818284,3.424452988625632,5.876772187752496,3.352686550210299,3200.0,3.5,30.0
grte02_distance_white100_p2.CR2,GRTE02,white100,3.5072635607056153,3.407292771468111,5.899717085046055,3.344975042928783,3200.0,3.5,30.0
grte02_distance_white100_p3.CR2,GRTE02,white100,3.491930447707836,3.393462822400963,5.964222948766904,3.330402193408435,3200.0,3.5,30.0
grte03_distance_dark_p1.CR2,GRTE03,dark,3.7185962170755062,3.789556198538121,4.630681009875509,3.7449583063597114,3200.0,3.5,30.0
grte03_distance_dark_p2.CR2,GRTE03,dark,3.705589924387416,3.7785158730596957,4.573805187256443,3.7320343936257565,3200.0,3.5,30.0
grte03_distance_dark_p3.CR2,GRTE03,dark,3.6644462541279452,3.7412358575002704,4.710958643840285,3.685337821213019,3200.0,3.5,30.0
grte03_distance_white100_p1.CR2,GRTE03,white100,3.9227392007982442,3.808391795338768,6.405209134202015,3.7623032804554097,3200.0,3.5,30.0
grte03_distance_white100_p2.CR2,GRTE03,white100,3.9205099758677324,3.8121240998687553,6.3715284692976555,3.7615113646522254,3200.0,3.5,30.0
grte03_distance_white100_p3.CR2,GRTE03,white100,3.913491055590488,3.8010356454958685,6.104403318763222,3.751143979260896,3200.0,3.5,30.0
grte05_distance_dark_p1.CR2,GRTE05,dark,8.550344571451278,4.059371587252379,162.16316636745105,8.154368911097649,3200.0,3.5,30.0
grte05_distance_dark_p2.CR2,GRTE05,dark,8.478717490736024,4.060357231320041,161.07446027588716,8.088587951011645,3200.0,3.5,30.0
grte05_distance_dark_p3.CR2,GRTE05,dark,8.407037887293916,4.030831735772151,160.25440184071417,8.015404015923094,3200.0,3.5,30.0
grte05_distance_white100_p1.CR2,GRTE05,white100,11.976354388576782,4.466294293435284,112.14868182173349,11.069196814742153,3200.0,3.5,30.0
grte05_distance_white100_p2.CR2,GRTE05,white100,11.892202223759032,4.441690541116273,110.67243236351992,10.982653562593907,3200.0,3.5,30.0
grte05_distance_white100_p3.CR2,GRTE05,white100,11.901113870572134,4.4668069251674805,109.77915570382702,11.006534368826829,3200.0,3.5,30.0
grte06_distance_dark_p1.CR2,GRTE06,dark,3.089594190388575,3.117468942067236,5.423164327921668,3.076111839459803,3200.0,3.5,30.0
grte06_distance_dark_p2.CR2,GRTE06,dark,3.087271626981633,3.117615250066182,5.420097227893306,3.0741722809987904,3200.0,3.5,30.0
grte06_distance_dark_p3.CR2,GRTE06,dark,3.097973249696321,3.1232825120266137,5.4848232337204825,3.0826936933266627,3200.0,3.5,30.0
grte06_distance_white100_p1.CR2,GRTE06,white100,3.6401212323652907,3.632560484878154,5.434377550737993,3.5630674566621043,3200.0,3.5,30.0
grte06_distance_white100_p2.CR2,GRTE06,white100,3.6146141864039256,3.620864220966584,5.451279908761102,3.5291561827032756,3200.0,3.5,30.0
grte06_distance_white100_p3.CR2,GRTE06,white100,3.6151694440101827,3.6156424124668853,5.503021119630966,3.529544282044662,3200.0,3.5,30.0
grte08_distance_dark_p1.CR2,GRTE08,dark,4.3698686672804845,4.233011659697522,4.627824220827654,4.376854357662748,3200.0,3.5,30.0
grte08_distance_dark_p2.CR2,GRTE08,dark,4.366449528491553,4.2297011918259955,4.752516318295586,4.3750523386316615,3200.0,3.5,30.0
grte08_distance_dark_p3.CR2,GRTE08,dark,4.323881550149066,4.194177004256768,4.778633716339257,4.32296246840786,3200.0,3.5,30.0
grte08_distance_white100_p1.CR2,GRTE08,white100,2.163149960781958,0.941183885366341,4.845149259844725,2.092780224266993,3200.0,3.5,30.0
grte08_distance_white100_p2.CR2,GRTE08,white100,2.1611648101434824,0.93850356387885,4.921413773499658,2.0914891516591454,3200.0,3.5,30.0
grte08_distance_white100_p3.CR2,GRTE08,white100,2.1634283399177705,0.9447012516369206,4.9487170409239,2.093434742059845,3200.0,3.5,30.0
grte09_distance_dark_p1.CR2,GRTE09,dark,4.034219155491518,3.9604564030034517,4.684352628929997,4.034661836294996,3200.0,3.5,30.0
grte09_distance_dark_p2.CR2,GRTE09,dark,4.00147434305692,3.9398680772770067,4.52271366304729,3.9946976288207257,3200.0,3.5,30.0
grte09_distance_dark_p3.CR2,GRTE09,dark,4.0326594861859535,3.955474700530377,4.735626681015459,4.031695060792911,3200.0,3.5,30.0
grte10_distance_dark_p1.CR2,GRTE10,dark,2.702300750893447,2.6942434825799886,4.434069142017247,2.6779350146826624,3200.0,3.5,30.0
grte10_distance_dark_p2.CR2,GRTE10,dark,2.712992962898414,2.7122072767273337,4.3891569787488205,2.6889737490152728,3200.0,3.5,30.0
grte10_distance_dark_p3.CR2,GRTE10,dark,2.6752957273156976,2.6802453801175896,4.368155208872394,2.643766573228917,3200.0,3.5,30.0
grte11_distance_dark_p1.CR2,GRTE11,dark,4.3292098488585875,4.19378019399245,5.256805838859641,4.338883335738283,3200.0,3.5,30.0
grte11_distance_dark_p2.CR2,GRTE11,dark,4.33541001942105,4.2012624650440245,5.095290159231564,4.344658681707617,3200.0,3.5,30.0
grte11_distance_dark_p3.CR2,GRTE11,dark,4.333236924168349,4.198511847138913,5.197353569507015,4.342104288665615,3200.0,3.5,30.0
grte11_distance_white100_p1.CR2,GRTE11,white100,68.0987917673728,7.727413511060452,472.97522991550693,61.81250977199038,3200.0,3.5,30.0
grte11_distance_white100_p2.CR2,GRTE11,white100,4.906437995132939,4.660542363354811,9.548535196561263,4.818988163256247,3200.0,3.5,30.0
grte11_distance_white100_p3.CR2,GRTE11,white100,4.823263970079914,4.685067643784319,5.231662679557916,4.7774360116929655,3200.0,3.5,30.0
grte13_distance_dark_p1.CR2,GRTE13,dark,2.7844508316596777,2.712452275957291,5.814319148110593,2.7496009824591736,3200.0,3.5,30.0
grte13_distance_dark_p2.CR2,GRTE13,dark,2.787750083001334,2.7156511938552246,5.407885253037104,2.7517330920817056,3200.0,3.5,30.0
grte13_distance_dark_p3.CR2,GRTE13,dark,2.784020196820893,2.713375866559553,5.756982606872099,2.749984153119807,3200.0,3.5,30.0
grte13_distance_white100_p1.CR2,GRTE13,white100,2.98720148707776,2.9693458631041705,5.432835804029016,2.921813756723905,3200.0,3.5,30.0
grte13_distance_white100_p2.CR2,GRTE13,white100,2.9923361964116393,2.9655175917244683,5.482049900668652,2.9255835993044537,3200.0,3.5,30.0
grte13_distance_white100_p3.CR2,GRTE13,white100,2.98674380181822,2.9645773351759486,5.360898369446606,2.922615629046816,3200.0,3.5,30.0
grte14_distance_dark_p1.CR2,GRTE14,dark,24.0262538495376,4.422471599041124,304.04899721289786,22.345954279111236,3200.0,3.5,30.0
grte14_distance_dark_p2.CR2,GRTE14,dark,24.066868084007652,4.429509905967679,304.9349409717941,22.386859601467936,3200.0,3.5,30.0
grte14_distance_dark_p3.CR2,GRTE14,dark,24.03106339896423,4.414329867280566,304.54732493925366,22.340307715922396,3200.0,3.5,30.0
grte14_distance_white100_p1.CR2,GRTE14,white100,9.592757199906329,4.336625430867279,45.86433775341677,9.030383342388568,3200.0,3.5,30.0
grte14_distance_white100_p2.CR2,GRTE14,white100,9.67885700510493,4.3341932799438965,46.73894817734888,9.14047390889881,3200.0,3.5,30.0
grte14_distance_white100_p3.CR2,GRTE14,white100,9.473112951320488,4.299004294030103,46.01756836777396,8.962242571350766,3200.0,3.5,30.0
grte15_distance_dark_p1.CR2,GRTE15,dark,3.3561771932836053,3.3500825268255756,8.224066819980575,3.350008879596481,3200.0,3.5,30.0
grte15_distance_dark_p2.CR2,GRTE15,dark,3.3182919239232964,3.3436353012384736,7.67838775300422,3.316677807355712,3200.0,3.5,30.0
grte15_distance_dark_p3.CR2,GRTE15,dark,4.963863877431892,3.365310911750302,88.37431505342177,4.886367600802312,3200.0,3.5,30.0
grte15_distance_white100_p1.CR2,GRTE15,white100,3.6317230053361986,3.5575680274599315,6.174874772197486,3.555445557923946,3200.0,3.5,30.0
grte15_distance_white100_p2.CR2,GRTE15,white100,3.6356622641082557,3.5609542535723624,6.215590310498443,3.5587549152258418,3200.0,3.5,30.0
grte15_distance_white100_p3.CR2,GRTE15,white100,3.624959877412034,3.5493649838269827,6.048326220328596,3.5407919254630507,3200.0,3.5,30.0
grte16_distance_dark_p1.CR2,GRTE16,dark,15.391122231296313,5.723883627490754,62.547977759471856,14.367247522554814,3200.0,3.5,30.0
grte16_distance_dark_p2.CR2,GRTE16,dark,15.335233817389499,5.689270598728132,62.50892643576193,14.303158083622886,3200.0,3.5,30.0
grte16_distance_dark_p3.CR2,GRTE16,dark,15.36577125721616,5.707553126969296,62.45458467888657,14.34483554273236,3200.0,3.5,30.0
grte16_distance_white100_p1.CR2,GRTE16,white100,83.12911234208951,8.775619650046226,351.48338788167,77.39087367874849,3200.0,3.5,30.0
grte16_distance_white100_p2.CR2,GRTE16,white100,83.19501533694296,8.783945735551669,352.37363987439403,77.45276694361704,3200.0,3.5,30.0
grte16_distance_white100_p3.CR2,GRTE16,white100,83.17811959582599,8.772685717353673,352.1652702786974,77.43193508437257,3200.0,3.5,30.0
grte17_distance_dark_p1.CR2,GRTE17,dark,19.073160216591475,3.3434182931635186,339.83380390282764,16.9976794200663,3200.0,3.5,30.0
grte17_distance_dark_p2.CR2,GRTE17,dark,4.417176967586125,2.7881151684445853,24.369968285092995,4.110514911733992,3200.0,3.5,30.0
grte17_distance_dark_p3.CR2,GRTE17,dark,2.91322265046843,2.6050783462241256,5.163678351575671,2.893386054942759,3200.0,3.5,30.0
grte17_distance_white100_p1.CR2,GRTE17,white100,28.6280564846738,3.8751828748976784,136.45060375339864,27.447790239055788,3200.0,3.5,30.0
grte17_distance_white100_p2.CR2,GRTE17,white100,28.609771362416282,3.8602012790905205,136.53682455742236,27.42043420199366,3200.0,3.5,30.0
grte17_distance_white100_p3.CR2,GRTE17,white100,28.59838427909598,3.8628888580787004,136.2555715302991,27.406400021792276,3200.0,3.5,30.0
